-- MySQL dump 10.13  Distrib 5.7.32, for Win32 (AMD64)
--
-- Host: localhost    Database: DocterPablo
-- ------------------------------------------------------
-- Server version	5.5.5-10.11.3-MariaDB-1:10.11.3+maria~deb11

/*!40101 SET @OLD_CHARACTER_SET_CLIENT=@@CHARACTER_SET_CLIENT */;
/*!40101 SET @OLD_CHARACTER_SET_RESULTS=@@CHARACTER_SET_RESULTS */;
/*!40101 SET @OLD_COLLATION_CONNECTION=@@COLLATION_CONNECTION */;
/*!40101 SET NAMES utf8 */;
/*!40103 SET @OLD_TIME_ZONE=@@TIME_ZONE */;
/*!40103 SET TIME_ZONE='+00:00' */;
/*!40014 SET @OLD_UNIQUE_CHECKS=@@UNIQUE_CHECKS, UNIQUE_CHECKS=0 */;
/*!40014 SET @OLD_FOREIGN_KEY_CHECKS=@@FOREIGN_KEY_CHECKS, FOREIGN_KEY_CHECKS=0 */;
/*!40101 SET @OLD_SQL_MODE=@@SQL_MODE, SQL_MODE='NO_AUTO_VALUE_ON_ZERO' */;
/*!40111 SET @OLD_SQL_NOTES=@@SQL_NOTES, SQL_NOTES=0 */;

--
-- Table structure for table `Component`
--

DROP TABLE IF EXISTS `Component`;
/*!40101 SET @saved_cs_client     = @@character_set_client */;
/*!40101 SET character_set_client = utf8 */;
CREATE TABLE `Component` (
  `Id` int(11) NOT NULL,
  `TypeId` int(11) NOT NULL,
  PRIMARY KEY (`Id`),
  KEY `FK_ComponentType_idx` (`TypeId`),
  CONSTRAINT `FK_ComponentType` FOREIGN KEY (`TypeId`) REFERENCES `ComponentType` (`Id`) ON DELETE NO ACTION ON UPDATE NO ACTION
) ENGINE=InnoDB DEFAULT CHARSET=utf8mb3 COLLATE=utf8mb3_general_ci;
/*!40101 SET character_set_client = @saved_cs_client */;

--
-- Dumping data for table `Component`
--

LOCK TABLES `Component` WRITE;
/*!40000 ALTER TABLE `Component` DISABLE KEYS */;
INSERT INTO `Component` VALUES (1,1),(2,2),(3,3),(4,4),(5,5),(6,6);
/*!40000 ALTER TABLE `Component` ENABLE KEYS */;
UNLOCK TABLES;

--
-- Table structure for table `ComponentType`
--

DROP TABLE IF EXISTS `ComponentType`;
/*!40101 SET @saved_cs_client     = @@character_set_client */;
/*!40101 SET character_set_client = utf8 */;
CREATE TABLE `ComponentType` (
  `Id` int(11) NOT NULL,
  `Name` varchar(45) DEFAULT NULL,
  `Description` varchar(245) DEFAULT NULL,
  `Category` varchar(45) DEFAULT NULL,
  `Unit` varchar(45) DEFAULT NULL,
  PRIMARY KEY (`Id`)
) ENGINE=InnoDB DEFAULT CHARSET=utf8mb3 COLLATE=utf8mb3_general_ci;
/*!40101 SET character_set_client = @saved_cs_client */;

--
-- Dumping data for table `ComponentType`
--

LOCK TABLES `ComponentType` WRITE;
/*!40000 ALTER TABLE `ComponentType` DISABLE KEYS */;
INSERT INTO `ComponentType` VALUES (1,'Servo',NULL,'Actuator','ON/OFF'),(2,'StepMotor',NULL,'Actuator','Steps'),(3,'TouchSensor',NULL,'Sensor',NULL),(4,'Keypad',NULL,'Sensor','Code'),(5,'Button',NULL,'Sensor','Pressed'),(6,'RFID',NULL,'Sensor','Id');
/*!40000 ALTER TABLE `ComponentType` ENABLE KEYS */;
UNLOCK TABLES;

--
-- Table structure for table `ComponentValue`
--

DROP TABLE IF EXISTS `ComponentValue`;
/*!40101 SET @saved_cs_client     = @@character_set_client */;
/*!40101 SET character_set_client = utf8 */;
CREATE TABLE `ComponentValue` (
  `DateTime` datetime(2) NOT NULL,
  `ComponentId` int(11) NOT NULL,
  `Value` double NOT NULL,
  PRIMARY KEY (`DateTime`,`ComponentId`),
  KEY `FK_Component_idx` (`ComponentId`),
  CONSTRAINT `FK_Component` FOREIGN KEY (`ComponentId`) REFERENCES `Component` (`Id`) ON DELETE NO ACTION ON UPDATE NO ACTION
) ENGINE=InnoDB DEFAULT CHARSET=utf8mb3 COLLATE=utf8mb3_general_ci;
/*!40101 SET character_set_client = @saved_cs_client */;

--
-- Dumping data for table `ComponentValue`
--

LOCK TABLES `ComponentValue` WRITE;
/*!40000 ALTER TABLE `ComponentValue` DISABLE KEYS */;
INSERT INTO `ComponentValue` VALUES ('2022-06-13 18:50:45.00',2,1),('2022-06-18 13:59:35.00',5,0),('2022-07-01 01:42:57.00',1,0),('2022-07-04 09:04:57.00',4,1),('2022-07-30 04:37:27.00',5,0),('2022-09-04 04:24:56.00',2,1),('2022-09-06 04:13:27.00',2,0),('2022-09-25 17:44:06.00',4,1),('2022-10-11 04:08:33.00',2,1),('2022-10-17 10:13:40.00',4,1),('2022-10-27 16:05:24.00',2,1),('2022-10-31 22:59:42.00',4,0),('2022-11-10 11:53:43.00',3,0),('2022-11-19 17:14:09.00',2,1),('2022-12-26 11:30:37.00',3,0),('2022-12-28 02:50:55.00',3,1),('2023-01-03 12:14:11.00',3,0),('2023-01-19 09:42:42.00',3,0),('2023-01-21 19:29:10.00',3,0),('2023-01-21 20:38:06.00',1,0),('2023-01-26 20:16:45.00',2,1),('2023-02-07 02:40:11.00',4,0),('2023-02-08 13:06:21.00',2,0),('2023-03-26 03:53:22.00',4,1),('2023-04-05 18:56:04.00',2,0),('2023-04-13 14:16:43.00',3,1),('2023-04-15 17:36:53.00',3,0),('2023-05-13 19:04:43.00',1,1),('2023-05-25 16:54:37.00',4,-1),('2023-05-25 16:55:02.00',4,1),('2023-05-25 16:57:39.00',4,-1),('2023-05-25 17:00:02.00',4,-1),('2023-05-25 17:00:05.00',4,-1),('2023-05-25 17:00:06.00',4,-1),('2023-05-25 17:00:07.00',4,-1),('2023-05-25 17:00:08.00',4,-1),('2023-05-25 17:00:26.00',4,-1),('2023-05-25 17:00:35.00',4,255),('2023-05-25 17:00:56.00',4,-1),('2023-05-25 17:10:45.00',3,1),('2023-05-25 17:10:47.00',3,1),('2023-05-25 17:58:35.00',3,1),('2023-05-25 17:58:39.00',3,1),('2023-05-25 17:58:40.00',3,1),('2023-05-25 17:59:12.00',3,1),('2023-05-25 18:15:21.00',4,-1),('2023-05-29 13:48:09.00',4,-1),('2023-05-29 13:48:30.00',4,255),('2023-05-29 17:48:46.00',4,-1),('2023-05-30 08:59:36.00',4,255),('2023-05-30 10:37:28.00',3,1),('2023-05-30 10:37:42.00',3,1),('2023-05-30 10:37:43.00',3,1),('2023-05-30 10:38:09.00',3,1),('2023-05-30 10:38:10.00',3,1),('2023-05-30 10:38:14.00',3,1),('2023-05-30 10:38:27.00',3,1),('2023-05-30 10:38:28.00',3,1),('2023-05-30 10:38:40.00',3,1),('2023-05-30 10:38:41.00',3,1),('2023-05-30 10:38:42.00',3,1),('2023-05-30 10:38:43.00',3,1),('2023-05-30 14:02:34.00',3,1),('2023-05-31 11:04:03.00',3,1),('2023-05-31 11:25:30.00',4,-1),('2023-05-31 16:22:26.00',3,1),('2023-05-31 16:22:27.00',3,1),('2023-05-31 16:22:32.00',3,1),('2023-05-31 16:24:33.00',4,-1),('2023-06-01 10:36:50.00',3,1),('2023-06-01 10:39:52.00',3,1),('2023-06-01 10:40:19.00',3,1),('2023-06-01 10:40:41.00',3,1),('2023-06-01 10:40:44.00',3,1),('2023-06-01 10:40:50.00',3,1),('2023-06-01 10:43:06.00',3,1),('2023-06-01 10:44:15.00',3,1),('2023-06-01 10:49:22.00',3,1),('2023-06-01 10:49:32.00',3,1),('2023-06-01 11:03:53.00',3,1),('2023-06-01 11:03:59.00',3,1),('2023-06-01 11:04:29.00',3,1),('2023-06-01 11:08:01.00',3,1),('2023-06-01 11:08:10.00',3,1),('2023-06-01 11:08:17.00',3,1),('2023-06-01 11:09:06.00',3,1),('2023-06-01 11:10:20.00',3,1),('2023-06-01 11:11:36.00',3,1),('2023-06-01 11:15:11.00',3,1),('2023-06-01 11:15:13.00',3,1),('2023-06-01 11:15:16.00',3,1),('2023-06-01 11:16:12.00',3,1),('2023-06-01 11:16:42.00',3,1),('2023-06-01 11:17:54.00',3,1),('2023-06-01 11:18:47.00',3,1),('2023-06-01 11:21:42.00',3,1),('2023-06-01 11:21:54.00',3,1),('2023-06-01 11:22:03.00',3,1),('2023-06-01 11:22:08.00',3,1),('2023-06-01 11:22:52.00',3,1),('2023-06-01 11:22:54.00',3,1),('2023-06-01 11:22:55.00',3,1),('2023-06-01 11:22:56.00',3,1),('2023-06-01 11:23:13.00',3,1),('2023-06-01 11:23:22.00',3,1),('2023-06-01 11:29:16.00',3,1),('2023-06-01 11:30:15.00',3,1),('2023-06-01 11:30:52.00',3,1),('2023-06-01 11:30:56.00',3,1),('2023-06-01 11:31:00.00',3,1),('2023-06-01 11:31:04.00',3,1),('2023-06-01 11:31:08.00',3,1),('2023-06-01 11:31:11.00',3,1),('2023-06-01 11:31:38.00',3,1),('2023-06-01 11:31:46.00',3,1),('2023-06-01 11:31:49.00',3,1),('2023-06-01 11:31:53.00',3,1),('2023-06-01 11:32:11.00',3,1),('2023-06-01 11:32:18.00',3,1),('2023-06-01 11:32:21.00',3,1),('2023-06-01 11:32:24.00',3,1),('2023-06-01 11:32:27.00',3,1),('2023-06-01 11:32:30.00',3,1),('2023-06-01 11:32:47.00',3,1),('2023-06-01 11:32:53.00',3,1),('2023-06-01 12:37:28.00',3,1),('2023-06-01 13:06:45.00',3,1),('2023-06-01 13:21:48.00',3,1),('2023-06-01 15:12:59.00',3,1),('2023-06-01 15:34:52.00',3,1),('2023-06-01 15:42:21.00',3,1),('2023-06-01 16:00:41.00',3,1),('2023-06-01 16:04:52.00',3,1),('2023-06-01 16:30:38.00',4,-1),('2023-06-01 16:30:51.00',4,38),('2023-06-01 16:31:02.00',4,-1),('2023-06-01 16:31:48.00',4,-1),('2023-06-01 16:31:57.00',4,255),('2023-06-01 17:12:27.00',3,1),('2023-06-01 17:38:40.00',3,1),('2023-06-06 09:09:37.00',4,-1),('2023-06-06 09:12:56.00',3,1),('2023-06-06 09:13:03.00',3,1),('2023-06-06 09:13:04.00',3,1),('2023-06-06 09:14:23.00',3,1),('2023-06-06 09:14:24.00',3,1),('2023-06-06 09:14:41.00',3,1),('2023-06-06 09:34:16.00',3,1),('2023-06-06 10:02:48.00',3,1),('2023-06-06 10:02:49.00',3,1),('2023-06-06 16:05:24.00',3,1),('2023-06-06 16:12:15.00',3,1),('2023-06-06 16:20:24.00',3,1),('2023-06-06 16:20:25.00',3,1),('2023-06-06 16:54:04.00',3,1),('2023-06-06 16:54:08.00',3,1),('2023-06-06 16:54:42.00',6,459113873249),('2023-06-06 16:55:19.00',6,701808313545),('2023-06-06 16:58:39.00',3,1),('2023-06-06 16:58:44.00',3,1),('2023-06-06 16:58:46.00',3,1),('2023-06-06 16:59:19.00',6,701808313545),('2023-06-06 17:01:28.00',6,459113873249),('2023-06-07 15:42:23.00',6,459113873249),('2023-06-07 15:52:57.00',3,1),('2023-06-07 15:58:41.00',3,1),('2023-06-07 15:59:06.00',3,1),('2023-06-07 15:59:07.00',3,1),('2023-06-07 15:59:30.00',3,1),('2023-06-09 08:44:03.00',3,1),('2023-06-09 09:11:17.00',3,1),('2023-06-09 09:11:30.00',3,1),('2023-06-09 09:15:15.00',3,1),('2023-06-09 09:15:17.00',3,1),('2023-06-09 09:16:05.00',3,1),('2023-06-09 09:16:06.00',3,1),('2023-06-09 09:17:31.00',3,1),('2023-06-09 09:17:33.00',3,1),('2023-06-09 09:17:43.00',4,-1),('2023-06-09 09:17:52.00',4,-1),('2023-06-09 16:34:36.00',3,1),('2023-06-09 16:34:39.00',3,1),('2023-06-09 16:34:43.00',3,1),('2023-06-09 16:34:46.00',3,1),('2023-06-09 16:34:48.00',3,1),('2023-06-09 16:34:50.00',3,1),('2023-06-09 16:34:54.00',3,1),('2023-06-09 16:35:03.00',3,1),('2023-06-09 16:35:05.00',3,1),('2023-06-09 16:35:06.00',3,1),('2023-06-09 16:35:07.00',3,1),('2023-06-09 16:35:08.00',3,1),('2023-06-09 16:35:09.00',3,1),('2023-06-09 16:35:10.00',3,1),('2023-06-09 16:35:11.00',3,1),('2023-06-09 16:35:12.00',3,1),('2023-06-09 16:36:05.00',3,1),('2023-06-09 16:36:09.00',3,1),('2023-06-09 16:36:13.00',3,1),('2023-06-09 16:36:16.00',3,1),('2023-06-09 16:36:18.00',3,1),('2023-06-09 16:36:19.00',3,1),('2023-06-09 16:36:46.00',3,1),('2023-06-09 16:36:54.00',3,1),('2023-06-09 16:37:04.00',3,1),('2023-06-09 16:37:12.00',3,1),('2023-06-09 16:37:18.00',3,1),('2023-06-09 16:38:00.00',3,1),('2023-06-09 16:38:21.00',3,1),('2023-06-09 16:40:59.00',3,1),('2023-06-09 16:41:04.00',3,1),('2023-06-09 16:41:08.00',3,1),('2023-06-09 16:41:14.00',3,1),('2023-06-09 16:42:14.00',3,1),('2023-06-09 16:42:19.00',3,1),('2023-06-09 16:42:23.00',3,1),('2023-06-09 16:42:27.00',3,1),('2023-06-09 16:43:24.00',3,1),('2023-06-09 16:43:58.00',3,1),('2023-06-09 16:44:33.00',3,1),('2023-06-09 16:44:36.00',3,1),('2023-06-09 16:44:39.00',3,1),('2023-06-09 16:44:41.00',3,1),('2023-06-09 16:44:43.00',3,1),('2023-06-09 16:44:49.00',3,1),('2023-06-09 16:44:51.00',3,1),('2023-06-09 16:44:53.00',3,1),('2023-06-09 16:44:56.00',3,1),('2023-06-09 16:45:00.00',3,1),('2023-06-09 16:45:06.00',3,1),('2023-06-09 16:45:10.00',3,1),('2023-06-09 16:45:14.00',3,1),('2023-06-09 16:45:16.00',3,1),('2023-06-09 16:45:26.00',3,1),('2023-06-09 16:45:31.00',3,1),('2023-06-09 16:45:33.00',3,1),('2023-06-09 16:45:35.00',3,1),('2023-06-09 16:46:07.00',3,1),('2023-06-09 16:46:09.00',3,1),('2023-06-09 16:46:10.00',3,1),('2023-06-09 16:46:12.00',3,1),('2023-06-09 16:46:14.00',3,1),('2023-06-09 16:46:16.00',3,1),('2023-06-09 16:46:21.00',3,1),('2023-06-09 16:46:23.00',3,1),('2023-06-09 16:46:24.00',3,1),('2023-06-09 16:46:26.00',3,1),('2023-06-09 16:46:30.00',3,1),('2023-06-09 16:46:31.00',3,1),('2023-06-09 16:46:32.00',3,1),('2023-06-09 16:46:34.00',3,1),('2023-06-09 16:46:35.00',3,1),('2023-06-09 16:47:15.00',3,1),('2023-06-09 16:47:21.00',3,1),('2023-06-09 16:48:36.00',3,1),('2023-06-09 16:48:43.00',3,1),('2023-06-09 16:49:12.00',3,1),('2023-06-09 16:49:50.00',3,1),('2023-06-09 16:49:54.00',3,1),('2023-06-09 16:49:59.00',3,1),('2023-06-09 16:50:06.00',3,1),('2023-06-09 16:50:13.00',3,1),('2023-06-09 16:50:17.00',3,1),('2023-06-09 16:50:51.00',3,1),('2023-06-09 16:50:56.00',3,1),('2023-06-09 16:51:03.00',3,1),('2023-06-09 16:51:07.00',3,1),('2023-06-09 16:51:12.00',3,1),('2023-06-09 16:51:24.00',3,1),('2023-06-09 16:55:46.00',3,1),('2023-06-09 16:56:51.00',3,1),('2023-06-09 16:56:57.00',3,1),('2023-06-09 16:57:24.00',3,1),('2023-06-09 16:57:29.00',3,1),('2023-06-09 16:57:34.00',3,1),('2023-06-09 17:00:36.00',3,1),('2023-06-09 17:00:41.00',3,1),('2023-06-09 17:00:48.00',3,1),('2023-06-09 17:01:18.00',3,1),('2023-06-09 17:01:23.00',3,1),('2023-06-09 17:01:29.00',3,1),('2023-06-09 17:01:37.00',3,1),('2023-06-09 17:41:43.00',3,1),('2023-06-09 17:41:47.00',3,1),('2023-06-09 17:41:59.00',3,1),('2023-06-12 12:18:46.00',4,-1),('2023-06-12 12:18:52.00',4,-1),('2023-06-12 12:18:53.00',4,-1),('2023-06-12 12:18:56.00',4,-1),('2023-06-12 12:19:00.00',4,-1),('2023-06-12 12:19:05.00',4,-1),('2023-06-12 12:27:10.00',4,-1),('2023-06-12 12:30:44.00',4,-1),('2023-06-12 12:30:56.00',4,-1),('2023-06-12 12:31:03.00',4,-1),('2023-06-12 12:31:17.00',4,-1),('2023-06-12 12:31:26.00',3,1),('2023-06-12 15:42:47.00',3,1),('2023-06-12 15:45:01.00',3,1),('2023-06-12 15:46:12.00',3,1),('2023-06-12 15:55:53.00',4,-1),('2023-06-12 16:01:57.00',4,-1),('2023-06-12 16:03:09.00',4,-1),('2023-06-12 16:04:22.00',4,-1),('2023-06-12 16:06:46.00',4,-1),('2023-06-12 17:01:41.00',4,-1),('2023-06-12 17:01:47.00',4,-1),('2023-06-13 08:51:23.00',3,1),('2023-06-13 09:24:49.00',6,496339390928),('2023-06-13 09:26:56.00',6,496339390928),('2023-06-13 09:27:11.00',6,496339390928),('2023-06-13 09:27:43.00',6,36329356259),('2023-06-13 09:29:26.00',6,36057218108),('2023-06-13 09:29:30.00',6,35495385952),('2023-06-13 09:29:31.00',6,37419626732),('2023-06-13 09:29:34.00',6,36786323963),('2023-06-13 09:29:39.00',6,496339390928),('2023-06-13 09:33:13.00',3,1),('2023-06-13 09:34:26.00',3,1),('2023-06-13 09:35:31.00',3,1),('2023-06-13 09:39:53.00',3,1),('2023-06-13 09:55:59.00',3,1),('2023-06-13 11:15:28.00',6,34981164816),('2023-06-13 13:37:44.00',4,-1),('2023-06-13 13:39:00.00',4,-1),('2023-06-13 15:14:57.00',4,2085),('2023-06-13 15:15:05.00',4,2111),('2023-06-13 15:15:16.00',4,1111),('2023-06-13 15:15:20.00',4,1222),('2023-06-13 15:15:22.00',4,5478),('2023-06-13 15:15:28.00',4,885),('2023-06-13 15:15:31.00',4,2369),('2023-06-13 15:15:34.00',4,2465),('2023-06-13 15:15:42.00',4,7853),('2023-06-13 15:24:14.53',4,7589),('2023-06-13 15:24:14.54',4,-1),('2023-06-13 15:26:14.29',4,4561),('2023-06-13 15:26:14.31',4,-1),('2023-06-13 15:26:14.67',2,4080),('2023-06-13 15:27:33.24',4,4561),('2023-06-13 15:27:33.25',4,-1),('2023-06-13 15:27:33.62',2,4080),('2023-06-13 15:27:57.17',4,4456),('2023-06-13 15:27:57.18',4,-1),('2023-06-13 15:28:01.32',4,6456),('2023-06-13 15:28:01.33',4,-1),('2023-06-13 15:28:05.96',4,1),('2023-06-13 15:28:05.98',4,-1),('2023-06-13 15:28:16.21',4,456),('2023-06-13 15:28:16.23',4,-1),('2023-06-13 15:28:21.40',4,4561),('2023-06-13 15:28:21.41',4,-1),('2023-06-13 15:28:21.78',2,4080),('2023-06-13 15:37:23.99',4,4561),('2023-06-13 15:37:24.01',4,-1),('2023-06-13 15:37:24.37',2,4080),('2023-06-13 15:37:34.45',4,4561),('2023-06-13 15:37:34.47',4,-1),('2023-06-13 15:37:34.86',2,4080),('2023-06-13 15:38:05.35',3,1),('2023-06-13 15:38:05.57',3,1),('2023-06-13 15:38:05.94',3,1),('2023-06-13 15:38:06.16',3,1),('2023-06-13 15:38:06.67',3,1),('2023-06-13 15:38:06.88',3,1),('2023-06-13 15:38:07.28',3,1),('2023-06-13 15:38:07.50',3,1),('2023-06-13 15:38:07.97',3,1),('2023-06-13 15:42:59.02',4,561),('2023-06-13 15:42:59.03',4,-1),('2023-06-13 15:43:01.79',4,4561),('2023-06-13 15:43:01.81',4,-1),('2023-06-13 15:43:01.82',2,4080),('2023-06-13 16:25:23.81',4,4561),('2023-06-13 16:26:58.59',4,4561),('2023-06-13 16:27:23.63',4,4561),('2023-06-13 16:27:24.00',2,4080),('2023-06-13 16:27:35.53',4,4561),('2023-06-13 16:27:35.91',2,4080),('2023-06-13 16:27:55.13',4,1),('2023-06-13 16:28:07.74',4,456),('2023-06-13 16:28:14.31',4,4561),('2023-06-13 16:28:14.68',2,4080),('2023-06-13 16:29:00.60',4,6111),('2023-06-13 16:29:07.61',4,551),('2023-06-13 16:29:13.92',4,4555),('2023-06-13 16:29:22.96',4,61),('2023-06-13 16:30:20.01',4,4561),('2023-06-13 16:30:20.03',4,-1),('2023-06-13 16:30:20.39',2,4080),('2023-06-13 16:40:02.38',4,4561),('2023-06-13 16:40:02.40',4,-1),('2023-06-13 16:40:02.77',2,4080),('2023-06-13 16:56:46.69',4,4561),('2023-06-13 16:56:46.70',4,-1),('2023-06-13 16:56:47.07',2,4080),('2023-06-13 16:56:59.93',4,4556),('2023-06-13 16:56:59.95',4,-1),('2023-06-13 16:57:09.41',4,146),('2023-06-13 16:57:09.42',4,-1),('2023-06-13 16:57:17.30',4,4661),('2023-06-13 16:57:17.31',4,-1),('2023-06-13 16:57:24.74',4,51),('2023-06-13 16:57:24.75',4,-1),('2023-06-13 16:57:30.11',4,41),('2023-06-13 16:57:30.13',4,-1),('2023-06-13 16:57:33.82',4,4556),('2023-06-13 16:57:33.84',4,-1),('2023-06-13 16:57:40.57',4,4561),('2023-06-13 16:57:40.59',4,-1),('2023-06-13 16:57:40.98',2,4080),('2023-06-13 16:58:01.70',4,4561),('2023-06-13 16:58:01.71',4,-1),('2023-06-13 16:58:02.08',2,4080),('2023-06-13 16:58:32.93',4,56),('2023-06-13 16:58:32.95',4,-1),('2023-06-13 16:58:37.74',4,4562),('2023-06-13 16:58:37.76',4,-1),('2023-06-13 16:58:38.12',1,1),('2023-06-13 17:01:38.42',4,4526),('2023-06-13 17:01:38.43',4,-1),('2023-06-13 21:36:40.00',3,0),('2023-06-14 09:47:17.29',4,4561),('2023-06-14 09:47:17.31',4,-1),('2023-06-14 09:47:17.67',2,4080),('2023-06-14 09:47:54.53',4,4561),('2023-06-14 09:47:54.55',4,-1),('2023-06-14 09:47:54.93',2,4080),('2023-06-14 09:49:47.08',4,4561),('2023-06-14 09:49:47.09',4,-1),('2023-06-14 09:49:47.46',2,4080),('2023-06-14 10:48:42.85',4,4562),('2023-06-14 10:48:42.87',4,-1),('2023-06-14 10:48:43.23',1,1),('2023-06-14 10:49:13.37',4,4562),('2023-06-14 10:49:13.38',4,-1),('2023-06-14 10:49:13.75',1,1),('2023-06-14 10:52:06.94',4,4562),('2023-06-14 10:52:06.96',4,-1),('2023-06-14 10:52:07.32',1,1),('2023-06-14 10:54:52.33',4,4563),('2023-06-14 10:54:52.34',4,-1),('2023-06-14 10:54:52.71',1,0),('2023-06-14 10:54:58.32',4,4562),('2023-06-14 10:54:58.34',4,-1),('2023-06-14 10:54:58.70',1,1),('2023-06-14 10:55:03.35',4,4563),('2023-06-14 10:55:03.37',4,-1),('2023-06-14 10:55:03.74',1,0),('2023-06-14 10:55:19.02',4,4562),('2023-06-14 10:55:19.04',4,-1),('2023-06-14 10:55:19.40',1,1),('2023-06-14 10:55:22.11',4,4563),('2023-06-14 10:55:22.13',4,-1),('2023-06-14 10:55:22.50',1,0),('2023-06-14 11:11:49.77',4,4561),('2023-06-14 11:11:49.79',4,-1),('2023-06-14 11:11:50.15',2,4080),('2023-06-14 11:12:01.67',4,4563),('2023-06-14 11:12:01.69',4,-1),('2023-06-14 11:12:02.05',1,0),('2023-06-14 11:12:17.40',4,562),('2023-06-14 11:12:17.42',4,-1),('2023-06-14 11:12:23.87',4,4566),('2023-06-14 11:12:23.88',4,-1),('2023-06-14 11:12:27.09',4,2),('2023-06-14 11:12:27.11',4,-1),('2023-06-14 11:12:37.23',4,4556),('2023-06-14 11:12:37.26',4,-1),('2023-06-14 11:12:40.23',4,2),('2023-06-14 11:12:40.25',4,-1),('2023-06-14 11:12:49.93',4,452),('2023-06-14 11:12:49.95',4,-1),('2023-06-14 11:12:57.22',4,456),('2023-06-14 11:12:57.24',4,-1),('2023-06-14 11:13:06.31',4,4556),('2023-06-14 11:13:06.33',4,-1),('2023-06-14 11:13:11.78',4,4566),('2023-06-14 11:13:11.80',4,-1),('2023-06-14 11:13:15.41',4,2),('2023-06-14 11:13:15.43',4,-1),('2023-06-14 11:13:20.44',4,456),('2023-06-14 11:13:20.46',4,-1),('2023-06-14 11:13:34.22',4,4556),('2023-06-14 11:13:34.23',4,-1),('2023-06-14 11:13:39.85',4,4556),('2023-06-14 11:13:39.87',4,-1),('2023-06-14 11:13:45.13',4,4556),('2023-06-14 11:13:45.15',4,-1),('2023-06-14 11:14:05.15',4,42),('2023-06-14 11:14:05.16',4,-1),('2023-06-14 11:14:10.00',4,4456),('2023-06-14 11:14:10.02',4,-1),('2023-06-14 11:14:17.88',4,4556),('2023-06-14 11:14:17.90',4,-1),('2023-06-14 11:14:26.00',4,4562),('2023-06-14 11:14:26.01',4,-1),('2023-06-14 11:14:26.38',1,1),('2023-06-14 11:14:37.84',4,5562),('2023-06-14 11:14:37.85',4,-1),('2023-06-14 11:14:44.05',4,4563),('2023-06-14 11:14:44.07',4,-1),('2023-06-14 11:14:44.43',1,0),('2023-06-14 14:06:10.16',2,4080),('2023-06-14 14:06:31.72',2,4080),('2023-06-14 14:07:17.90',1,1),('2023-06-14 14:07:20.71',1,0),('2023-06-14 14:07:28.79',1,1),('2023-06-14 14:07:31.31',2,4080),('2023-06-14 14:07:55.00',1,0),('2023-06-14 14:07:57.22',1,1),('2023-06-14 14:07:59.88',1,0),('2023-06-14 14:08:00.88',1,1),('2023-06-14 14:08:02.76',1,0),('2023-06-14 14:08:03.43',1,1),('2023-06-14 14:08:05.16',1,0),('2023-06-14 14:08:05.80',1,1),('2023-06-14 14:08:07.51',1,0),('2023-06-14 14:08:08.52',1,1),('2023-06-14 14:08:10.50',2,4080),('2023-06-14 14:08:29.36',1,0),('2023-06-14 14:08:32.44',1,1),('2023-06-14 14:08:33.17',1,0),('2023-06-14 14:08:34.84',1,1),('2023-06-14 14:08:35.51',1,0),('2023-06-14 14:08:36.30',1,1),('2023-06-14 14:08:36.94',1,0),('2023-06-14 14:08:37.67',1,1),('2023-06-14 14:08:38.63',1,0),('2023-06-14 14:08:39.29',1,1),('2023-06-14 14:08:40.17',1,0),('2023-06-14 14:08:41.06',1,1),('2023-06-14 14:08:41.91',1,0),('2023-06-14 14:08:43.29',1,1),('2023-06-14 14:08:45.05',1,0),('2023-06-14 14:08:48.04',1,1),('2023-06-14 14:08:48.98',1,0),('2023-06-14 14:08:49.98',1,1),('2023-06-14 14:08:51.34',1,0),('2023-06-14 14:08:54.27',1,1),('2023-06-14 14:08:56.01',1,0),('2023-06-14 14:09:06.18',2,4080),('2023-06-14 14:09:36.08',4,1234),('2023-06-14 14:09:36.10',4,-1),('2023-06-14 14:09:42.62',4,1470),('2023-06-14 14:09:42.67',4,-1),('2023-06-14 14:09:49.33',4,2580),('2023-06-14 14:09:49.35',4,-1),('2023-06-14 14:09:53.92',4,3690),('2023-06-14 14:09:53.94',4,-1),('2023-06-14 14:10:00.30',4,4567),('2023-06-14 14:10:00.31',4,-1),('2023-06-14 14:10:06.36',4,6541),('2023-06-14 14:10:06.38',4,-1),('2023-06-14 14:10:10.47',4,1234),('2023-06-14 14:10:10.49',4,-1),('2023-06-14 14:10:13.58',4,4321),('2023-06-14 14:10:13.60',4,-1),('2023-06-14 14:10:21.44',4,2023),('2023-06-14 14:10:21.46',4,-1),('2023-06-14 14:10:41.02',4,6969),('2023-06-14 14:10:41.04',4,-1),('2023-06-14 14:12:38.85',4,5614),('2023-06-14 14:12:38.87',4,-1),('2023-06-14 14:12:44.75',4,5614),('2023-06-14 14:12:44.77',4,-1),('2023-06-14 14:12:48.62',4,4444),('2023-06-14 14:12:48.64',4,-1),('2023-06-14 14:13:11.42',4,441),('2023-06-14 14:13:11.43',4,-1),('2023-06-14 14:13:21.12',4,451),('2023-06-14 14:13:21.13',4,-1),('2023-06-14 14:13:33.85',4,4561),('2023-06-14 14:13:33.86',4,-1),('2023-06-14 14:13:33.87',2,4080),('2023-06-14 14:13:44.40',1,1),('2023-06-14 14:13:45.51',1,0),('2023-06-14 14:13:46.23',1,1),('2023-06-14 14:13:46.76',1,0),('2023-06-14 14:13:47.34',1,1),('2023-06-14 14:13:47.88',1,0),('2023-06-14 14:13:48.35',1,1),('2023-06-14 14:13:48.79',1,0),('2023-06-14 14:13:49.30',1,1),('2023-06-14 14:13:49.76',1,0),('2023-06-14 14:13:50.32',1,1),('2023-06-14 14:13:52.79',1,0),('2023-06-14 14:13:53.32',1,1),('2023-06-14 14:13:53.64',1,0),('2023-06-14 14:13:54.15',1,1),('2023-06-14 14:13:54.61',1,0),('2023-06-14 14:13:55.02',1,1),('2023-06-14 14:13:55.43',1,0),('2023-06-14 14:15:18.04',1,0),('2023-06-14 14:15:19.50',1,1),('2023-06-14 14:15:20.56',1,0),('2023-06-14 14:15:26.29',2,4080),('2023-06-14 14:15:33.95',1,0),('2023-06-14 14:15:34.65',1,1),('2023-06-14 14:15:35.26',1,0),('2023-06-14 14:15:36.80',1,1),('2023-06-14 14:15:37.18',1,0),('2023-06-14 14:15:39.48',1,1),('2023-06-14 14:15:39.96',1,0),('2023-06-14 14:15:40.71',1,1),('2023-06-14 14:15:41.32',1,0),('2023-06-14 14:16:00.49',4,461),('2023-06-14 14:16:00.52',4,-1),('2023-06-14 14:17:11.12',1,1),('2023-06-14 14:25:31.45',1,1),('2023-06-14 14:25:33.65',1,0),('2023-06-14 14:25:36.24',1,1),('2023-06-14 14:25:38.45',1,0),('2023-06-14 14:26:59.51',4,4564),('2023-06-14 14:26:59.53',4,-1),('2023-06-14 14:34:23.17',1,1),('2023-06-14 14:35:19.65',1,1),('2023-06-14 14:35:20.31',1,1),('2023-06-14 14:35:21.00',1,1),('2023-06-14 14:35:23.76',1,0),('2023-06-14 14:36:04.47',1,0),('2023-06-14 14:36:06.65',1,0),('2023-06-14 14:36:22.05',1,0),('2023-06-14 14:36:39.57',1,0),('2023-06-14 14:36:45.31',1,0),('2023-06-14 14:36:59.85',1,0),('2023-06-14 14:37:07.17',1,1),('2023-06-14 14:37:17.58',1,1),('2023-06-14 14:37:22.08',1,0),('2023-06-14 14:38:35.42',1,1),('2023-06-14 14:38:41.90',1,1),('2023-06-14 14:38:45.63',1,0),('2023-06-14 14:38:48.63',1,1),('2023-06-14 14:43:48.23',1,1),('2023-06-14 14:43:54.99',1,0),('2023-06-14 14:43:57.09',1,1),('2023-06-14 14:43:58.15',1,0),('2023-06-14 14:43:59.36',1,1),('2023-06-14 14:44:00.74',1,0),('2023-06-14 14:45:37.79',6,955228030133),('2023-06-14 14:45:42.78',2,4080),('2023-06-14 14:46:19.67',1,0),('2023-06-14 14:46:21.13',1,1),('2023-06-14 14:46:22.67',1,0),('2023-06-14 15:05:59.49',1,0),('2023-06-14 15:05:59.85',1,0),('2023-06-14 15:06:00.22',1,0),('2023-06-14 15:06:00.59',1,1),('2023-06-14 15:06:01.01',1,1),('2023-06-14 15:06:01.38',1,1),('2023-06-14 15:06:01.74',1,1),('2023-06-14 15:06:02.11',1,1),('2023-06-14 15:06:02.53',1,1),('2023-06-14 15:06:02.90',1,1),('2023-06-14 15:06:03.27',1,1),('2023-06-14 15:06:03.63',1,0),('2023-06-14 15:06:04.05',1,0),('2023-06-14 15:06:04.45',1,0),('2023-06-14 15:06:04.85',1,0),('2023-06-14 15:06:05.25',1,0),('2023-06-14 15:06:05.72',1,0),('2023-06-14 15:06:06.09',1,0),('2023-06-14 15:06:06.45',1,0),('2023-06-14 15:06:06.82',1,0),('2023-06-14 15:06:07.24',1,0),('2023-06-14 15:06:07.61',1,0),('2023-06-14 15:06:07.98',1,0),('2023-06-14 15:06:08.34',1,0),('2023-06-14 15:06:19.72',1,0),('2023-06-14 15:06:20.08',1,0),('2023-06-14 15:06:20.45',1,0),('2023-06-14 15:06:20.81',1,0),('2023-06-14 15:06:21.24',1,0),('2023-06-14 15:06:21.60',1,0),('2023-06-14 15:06:21.97',1,0),('2023-06-14 15:06:22.33',1,0),('2023-06-14 15:06:22.76',1,0),('2023-06-14 15:06:23.12',1,0),('2023-06-14 15:06:23.49',1,0),('2023-06-14 15:06:23.86',1,0),('2023-06-14 15:06:24.28',1,0),('2023-06-14 15:06:24.68',1,0),('2023-06-14 15:06:25.08',1,0),('2023-06-14 15:06:25.48',1,0),('2023-06-14 15:06:25.95',1,0),('2023-06-14 15:06:26.32',1,0),('2023-06-14 15:06:26.68',1,0),('2023-06-14 15:06:27.05',1,0),('2023-06-14 15:06:27.47',1,0),('2023-06-14 15:06:27.84',1,0),('2023-06-14 15:06:28.20',1,0),('2023-06-14 15:06:28.57',1,0),('2023-06-14 15:06:28.99',1,0),('2023-06-14 15:06:29.36',1,0),('2023-06-14 15:06:29.73',1,0),('2023-06-14 15:06:30.09',1,0),('2023-06-14 15:06:30.52',1,0),('2023-06-14 15:06:30.91',1,0),('2023-06-14 15:06:31.31',1,0),('2023-06-14 15:06:43.20',1,0),('2023-06-14 15:06:43.60',1,0),('2023-06-14 15:06:43.99',1,0),('2023-06-14 15:06:44.39',1,0),('2023-06-14 15:06:44.86',1,0),('2023-06-14 15:06:45.22',1,0),('2023-06-14 15:06:45.59',1,0),('2023-06-14 15:06:45.96',1,0),('2023-06-14 15:06:46.38',1,0),('2023-06-14 15:06:46.75',1,0),('2023-06-14 15:06:47.12',1,0),('2023-06-14 15:06:47.48',1,0),('2023-06-14 15:06:47.90',1,0),('2023-06-14 15:06:48.27',1,0),('2023-06-14 15:06:48.64',1,0),('2023-06-14 15:06:49.00',1,0),('2023-06-14 15:06:49.43',1,0),('2023-06-14 15:06:49.82',1,1),('2023-06-14 15:06:50.22',1,1),('2023-06-14 15:06:50.61',1,1),('2023-06-14 15:06:51.08',1,1),('2023-06-14 15:06:51.45',1,1),('2023-06-14 15:06:51.82',1,1),('2023-06-14 15:06:52.19',1,1),('2023-06-14 15:08:20.58',2,4080),('2023-06-14 15:08:24.75',2,4080),('2023-06-14 15:08:28.83',2,4080),('2023-06-14 15:08:34.94',2,4080),('2023-06-14 15:08:39.04',2,4080),('2023-06-14 15:08:45.25',2,4080),('2023-06-14 15:08:49.34',2,4080),('2023-06-14 15:08:55.50',2,4080),('2023-06-14 15:08:59.60',2,4080),('2023-06-14 15:09:05.33',1,0),('2023-06-14 15:09:06.05',1,0),('2023-06-14 15:09:06.42',1,0),('2023-06-14 15:09:06.85',1,0),('2023-06-14 15:09:07.21',1,0),('2023-06-14 15:09:07.58',1,0),('2023-06-14 15:09:07.95',1,0),('2023-06-14 15:09:08.37',1,0),('2023-06-14 15:09:08.74',1,0),('2023-06-14 15:09:09.11',1,0),('2023-06-14 15:09:09.51',1,0),('2023-06-14 15:09:09.98',1,0),('2023-06-14 15:09:10.35',1,0),('2023-06-14 15:09:10.72',1,0),('2023-06-14 15:09:11.08',1,0),('2023-06-14 15:09:11.51',1,0),('2023-06-14 15:09:11.87',1,0),('2023-06-14 15:09:12.24',1,0),('2023-06-14 15:09:12.61',1,0),('2023-06-14 15:09:13.03',1,0),('2023-06-14 15:09:13.40',1,0),('2023-06-14 15:09:13.76',1,0),('2023-06-14 15:09:14.13',1,0),('2023-06-14 15:09:14.56',1,0),('2023-06-14 15:09:14.95',1,0),('2023-06-14 15:09:15.35',1,0),('2023-06-14 15:09:15.75',1,0),('2023-06-14 15:09:16.22',1,0),('2023-06-14 15:09:16.59',1,0),('2023-06-14 15:09:16.96',1,0),('2023-06-14 15:09:17.33',1,0),('2023-06-14 15:09:17.75',1,0),('2023-06-14 15:09:18.11',1,0),('2023-06-14 15:09:18.48',1,0),('2023-06-14 15:09:18.85',1,0),('2023-06-14 15:09:19.27',1,0),('2023-06-14 15:09:19.64',1,0),('2023-06-14 15:09:20.00',1,0),('2023-06-14 15:09:20.37',1,0),('2023-06-14 15:09:20.80',1,0),('2023-06-14 15:09:21.19',1,0),('2023-06-14 15:09:21.59',1,0),('2023-06-14 15:09:21.98',1,0),('2023-06-14 15:09:22.46',1,0),('2023-06-14 15:09:22.83',1,0),('2023-06-14 15:09:23.20',1,0),('2023-06-14 15:09:23.56',1,0),('2023-06-14 15:09:23.99',1,0),('2023-06-14 15:09:24.35',1,0),('2023-06-14 15:09:24.72',1,0),('2023-06-14 15:09:25.08',1,0),('2023-06-14 15:09:25.51',1,0),('2023-06-14 15:09:25.87',1,0),('2023-06-14 15:09:26.25',1,0),('2023-06-14 15:09:26.61',1,0),('2023-06-14 15:09:27.04',1,0),('2023-06-14 15:09:27.43',1,0),('2023-06-14 15:09:27.82',1,0),('2023-06-14 15:09:28.22',1,0),('2023-06-14 15:09:28.70',1,0),('2023-06-14 15:09:29.06',1,0),('2023-06-14 15:09:29.43',1,0),('2023-06-14 15:09:29.79',1,0),('2023-06-14 15:09:30.22',1,0),('2023-06-14 15:09:30.58',1,0),('2023-06-14 15:09:30.96',1,0),('2023-06-14 15:09:31.33',1,0),('2023-06-14 15:09:31.75',1,0),('2023-06-14 15:09:32.12',1,0),('2023-06-14 15:09:32.48',1,0),('2023-06-14 15:09:32.85',1,0),('2023-06-14 15:09:33.27',1,0),('2023-06-14 15:09:33.66',1,0),('2023-06-14 15:09:34.06',1,0),('2023-06-14 15:09:34.46',1,0),('2023-06-14 15:09:34.93',1,0),('2023-06-14 15:09:35.30',1,0),('2023-06-14 15:09:35.67',1,0),('2023-06-14 15:09:36.03',1,0),('2023-06-14 15:09:36.46',1,0),('2023-06-14 15:09:36.83',1,0),('2023-06-14 15:09:37.19',1,0),('2023-06-14 15:09:37.56',1,0),('2023-06-14 15:09:37.98',1,0),('2023-06-14 15:09:38.35',1,0),('2023-06-14 15:09:38.71',1,0),('2023-06-14 15:09:39.08',1,0),('2023-06-14 15:09:39.50',1,0),('2023-06-14 15:09:39.89',1,0),('2023-06-14 15:09:40.29',1,0),('2023-06-14 15:09:40.69',1,0),('2023-06-14 15:09:41.16',1,0),('2023-06-14 15:09:41.53',1,0),('2023-06-14 15:09:41.90',1,0),('2023-06-14 15:09:42.26',1,0),('2023-06-14 15:09:42.69',1,0),('2023-06-14 15:09:43.06',1,0),('2023-06-14 15:09:43.43',1,0),('2023-06-14 15:09:43.79',1,0),('2023-06-14 15:09:44.21',1,0),('2023-06-14 15:09:44.58',1,0),('2023-06-14 15:09:44.95',1,0),('2023-06-14 15:09:45.31',1,0),('2023-06-14 15:09:45.74',1,0),('2023-06-14 15:09:46.13',1,0),('2023-06-14 15:09:46.53',1,0),('2023-06-14 15:09:46.93',1,0),('2023-06-14 15:09:47.39',1,0),('2023-06-14 15:09:47.75',1,0),('2023-06-14 15:09:48.12',1,0),('2023-06-14 15:09:48.49',1,0),('2023-06-14 15:09:48.91',1,0),('2023-06-14 15:09:49.28',1,0),('2023-06-14 15:09:49.64',1,0),('2023-06-14 15:09:50.01',1,0),('2023-06-14 15:09:50.43',1,0),('2023-06-14 15:09:50.81',1,0),('2023-06-14 15:09:51.17',1,0),('2023-06-14 15:09:51.54',1,0),('2023-06-14 15:09:51.96',1,0),('2023-06-14 15:09:52.36',1,0),('2023-06-14 15:09:52.82',1,0),('2023-06-14 15:09:53.25',1,0),('2023-06-14 15:09:53.61',1,0),('2023-06-14 15:09:53.98',1,0),('2023-06-14 15:09:54.35',1,0),('2023-06-14 15:09:54.77',1,0),('2023-06-14 15:09:55.13',1,0),('2023-06-14 15:09:55.50',1,0),('2023-06-14 15:09:55.87',1,0),('2023-06-14 15:09:56.29',1,0),('2023-06-14 15:09:56.66',1,0),('2023-06-14 15:09:57.03',1,0),('2023-06-14 15:09:57.39',1,0),('2023-06-14 15:09:57.82',1,0),('2023-06-14 15:09:58.22',1,0),('2023-06-14 15:09:58.62',1,0),('2023-06-14 15:09:59.01',1,0),('2023-06-14 15:09:59.49',1,0),('2023-06-14 15:09:59.86',1,0),('2023-06-14 15:10:00.22',1,0),('2023-06-14 15:10:00.59',1,0),('2023-06-14 15:10:01.01',1,0),('2023-06-14 15:10:01.38',1,0),('2023-06-14 15:10:01.75',1,0),('2023-06-14 15:10:02.11',1,0),('2023-06-14 15:10:02.54',1,0),('2023-06-14 15:10:02.90',1,0),('2023-06-14 15:10:03.27',1,0),('2023-06-14 15:10:03.64',1,0),('2023-06-14 15:10:04.07',1,0),('2023-06-14 15:10:04.46',1,0),('2023-06-14 15:10:04.86',1,0),('2023-06-14 15:10:05.25',1,0),('2023-06-14 15:10:05.73',1,0),('2023-06-14 15:10:06.10',1,0),('2023-06-14 15:10:06.47',1,0),('2023-06-14 15:10:06.83',1,0),('2023-06-14 15:10:07.26',1,0),('2023-06-14 15:10:07.62',1,0),('2023-06-14 15:10:07.99',1,0),('2023-06-14 15:10:08.36',1,0),('2023-06-14 15:10:08.79',1,0),('2023-06-14 15:10:09.15',1,0),('2023-06-14 15:10:09.52',1,0),('2023-06-14 15:10:09.89',1,0),('2023-06-14 15:10:10.33',1,0),('2023-06-14 15:10:10.71',1,0),('2023-06-14 15:10:11.10',1,0),('2023-06-14 15:10:11.49',1,0),('2023-06-14 15:10:11.94',1,0),('2023-06-14 15:10:12.33',1,0),('2023-06-14 15:10:12.71',1,0),('2023-06-14 15:10:13.09',1,0),('2023-06-14 15:10:13.56',1,0),('2023-06-14 15:10:13.95',1,0),('2023-06-14 15:10:14.33',1,0),('2023-06-14 15:10:14.71',1,0),('2023-06-14 15:10:15.15',1,0),('2023-06-14 15:10:15.53',1,0),('2023-06-14 15:10:15.92',1,0),('2023-06-14 15:10:16.30',1,0),('2023-06-14 15:10:16.75',1,0),('2023-06-14 15:10:17.13',1,0),('2023-06-14 15:10:17.52',1,0),('2023-06-14 15:10:17.89',1,0),('2023-06-14 15:10:18.33',1,0),('2023-06-14 15:10:18.70',1,0),('2023-06-14 15:10:19.08',1,0),('2023-06-14 15:10:19.47',1,0),('2023-06-14 15:10:19.92',1,0),('2023-06-14 15:10:20.30',1,0),('2023-06-14 15:10:20.69',1,0),('2023-06-14 15:10:21.07',1,0),('2023-06-14 15:10:21.51',1,0),('2023-06-14 15:10:21.90',1,0),('2023-06-14 15:10:22.28',1,0),('2023-06-14 15:10:22.66',1,0),('2023-06-14 15:10:23.10',1,0),('2023-06-14 15:10:23.48',1,0),('2023-06-14 15:10:23.88',1,0),('2023-06-14 15:10:24.25',1,0),('2023-06-14 15:10:24.70',1,0),('2023-06-14 15:10:25.09',1,0),('2023-06-14 15:10:25.46',1,0),('2023-06-14 15:10:25.83',1,0),('2023-06-14 15:10:26.26',1,0),('2023-06-14 15:10:26.62',1,0),('2023-06-14 15:10:26.99',1,0),('2023-06-14 15:10:27.36',1,0),('2023-06-14 15:10:27.78',1,0),('2023-06-14 15:10:28.15',1,0),('2023-06-14 15:10:28.52',1,0),('2023-06-14 15:10:28.90',1,0),('2023-06-14 15:10:29.37',1,0),('2023-06-14 15:10:29.75',1,0),('2023-06-14 15:10:30.13',1,0),('2023-06-14 15:10:48.72',1,0),('2023-06-14 15:11:22.93',2,4080),('2023-06-14 15:11:27.08',1,0),('2023-06-14 15:13:05.85',1,1),('2023-06-14 15:13:09.20',1,0),('2023-06-14 15:17:02.81',4,4564),('2023-06-14 15:17:02.83',4,-1),('2023-06-14 15:17:10.33',4,4563),('2023-06-14 15:17:10.34',4,-1),('2023-06-14 15:17:10.71',1,0),('2023-06-14 15:17:23.44',4,4562),('2023-06-14 15:17:23.46',4,-1),('2023-06-14 15:17:23.82',1,1),('2023-06-14 15:17:27.57',4,4563),('2023-06-14 15:17:27.59',4,-1),('2023-06-14 15:19:26.69',1,1),('2023-06-14 15:19:28.51',1,0),('2023-06-14 15:19:31.24',1,1),('2023-06-14 15:19:48.02',1,0),('2023-06-14 15:20:04.83',1,1),('2023-06-14 15:20:30.59',1,1),('2023-06-14 15:20:32.93',1,0),('2023-06-14 15:20:36.46',1,1),('2023-06-14 15:20:39.38',1,1),('2023-06-14 15:20:40.95',1,0),('2023-06-14 15:20:45.03',1,1),('2023-06-14 15:20:56.24',1,0),('2023-06-14 15:20:58.68',1,1),('2023-06-14 15:21:02.44',1,0),('2023-06-14 15:23:07.94',1,0),('2023-06-14 15:23:09.86',1,1),('2023-06-14 16:16:23.99',4,4456),('2023-06-14 16:16:24.02',4,-1),('2023-06-14 16:16:30.05',4,1),('2023-06-14 16:16:30.07',4,-1),('2023-06-14 16:16:41.56',4,4),('2023-06-14 16:16:41.58',4,-1),('2023-06-14 16:16:46.42',4,4566),('2023-06-14 16:16:46.43',4,-1),('2023-06-14 16:16:52.64',4,4556),('2023-06-14 16:16:52.66',4,-1),('2023-06-14 16:17:04.82',4,461),('2023-06-14 16:17:04.87',4,-1),('2023-06-14 16:17:14.31',4,4566),('2023-06-14 16:17:14.32',4,-1),('2023-06-14 16:17:34.30',4,4614),('2023-06-14 16:17:34.32',4,-1),('2023-06-14 16:17:45.20',4,4561),('2023-06-14 16:17:45.22',4,-1),('2023-06-14 16:17:45.23',2,4080),('2023-06-14 16:17:54.81',4,4562),('2023-06-14 16:17:54.82',4,-1),('2023-06-14 16:17:54.83',1,1),('2023-06-14 16:17:59.01',4,61),('2023-06-14 16:17:59.03',4,-1),('2023-06-14 16:18:02.04',4,4561),('2023-06-14 16:18:02.06',2,4080),('2023-06-14 16:18:02.06',4,-1),('2023-06-14 16:34:34.52',4,725),('2023-06-14 16:34:34.53',4,-1),('2023-06-14 16:34:44.17',4,795),('2023-06-14 16:34:44.18',4,-1),('2023-06-14 16:34:49.05',4,7229),('2023-06-14 16:34:49.08',4,-1),('2023-06-14 16:34:52.06',4,5),('2023-06-14 16:34:52.07',4,-1),('2023-06-14 16:35:02.37',4,729),('2023-06-14 16:35:02.39',4,-1),('2023-06-14 16:35:16.11',2,4080),('2023-06-14 16:49:11.92',1,0),('2023-06-14 16:49:13.93',1,1),('2023-06-14 16:49:15.98',1,0),('2023-06-14 16:49:17.53',1,1),('2023-06-14 16:49:18.52',1,0),('2023-06-14 16:49:19.63',1,1),('2023-06-14 16:49:21.07',1,0),('2023-06-14 16:49:21.67',1,1),('2023-06-14 16:49:22.41',1,0),('2023-06-14 16:50:41.29',1,1),('2023-06-14 16:50:42.86',1,0),('2023-06-14 16:50:44.69',1,1),('2023-06-14 16:50:45.67',1,0),('2023-06-14 16:50:47.43',1,1),('2023-06-14 16:50:47.85',1,0),('2023-06-14 16:50:48.61',1,1),('2023-06-14 16:50:49.15',1,0),('2023-06-14 16:50:49.98',1,1),('2023-06-14 16:50:52.00',1,0),('2023-06-15 13:55:12.13',4,4563),('2023-06-15 13:55:12.16',1,0),('2023-06-15 13:55:12.16',4,-1),('2023-06-15 13:58:10.17',3,1),('2023-06-15 13:58:10.19',2,4080),('2023-06-15 13:59:29.36',1,0),('2023-06-15 13:59:31.43',1,1),('2023-06-15 13:59:33.19',1,0),('2023-06-15 13:59:35.24',1,1),('2023-06-15 13:59:37.76',1,0),('2023-06-15 13:59:40.46',1,1),('2023-06-15 13:59:41.61',1,1),('2023-06-15 13:59:42.71',1,0),('2023-06-15 13:59:43.62',1,1),('2023-06-15 13:59:44.42',1,0),('2023-06-15 13:59:45.56',1,1),('2023-06-15 13:59:47.40',1,0),('2023-06-15 14:00:19.20',1,0),('2023-06-15 17:58:44.03',4,4526),('2023-06-15 17:58:44.14',4,-1),('2023-06-16 09:22:38.36',4,4561),('2023-06-16 09:22:38.37',4,-1),('2023-06-16 09:22:38.74',2,4080),('2023-06-16 09:22:51.36',4,451),('2023-06-16 09:22:51.37',4,-1),('2023-06-16 09:22:57.54',4,4561),('2023-06-16 09:22:57.56',4,-1),('2023-06-16 09:22:57.92',2,4080),('2023-06-16 09:23:57.87',2,4080),('2023-06-16 09:24:03.94',2,4080),('2023-06-16 09:24:08.04',2,4080),('2023-06-16 09:24:18.55',1,1),('2023-06-16 09:24:20.12',1,0),('2023-06-16 09:24:21.81',1,1),('2023-06-16 09:24:22.72',1,0),('2023-06-16 09:24:27.37',1,1),('2023-06-16 09:24:28.34',1,0),('2023-06-16 09:24:29.17',1,1),('2023-06-16 09:24:29.91',1,0),('2023-06-16 09:24:30.71',1,1),('2023-06-16 09:24:32.64',1,0),('2023-06-16 09:54:29.44',4,4561),('2023-06-16 09:54:29.46',2,4080),('2023-06-16 09:54:29.46',4,-1),('2023-06-16 10:13:17.74',1,0),('2023-06-16 10:13:20.67',1,1),('2023-06-16 10:13:21.44',1,1),('2023-06-16 10:13:22.62',1,0),('2023-06-16 10:13:23.02',1,1),('2023-06-16 10:13:23.63',1,0),('2023-06-16 10:13:24.24',1,1),('2023-06-16 10:13:24.44',1,0),('2023-06-16 10:13:24.96',1,1),('2023-06-16 10:13:25.46',1,0),('2023-06-16 10:13:26.06',1,1),('2023-06-16 10:13:26.07',1,0),('2023-06-16 10:13:26.75',1,0),('2023-06-16 10:13:27.27',1,1),('2023-06-16 10:13:27.93',1,0),('2023-06-16 10:13:27.94',1,1),('2023-06-16 10:13:28.48',1,0),('2023-06-16 10:13:29.09',2,4080),('2023-06-16 10:13:33.64',1,0),('2023-06-16 10:13:35.14',1,1),('2023-06-16 10:13:35.50',1,0),('2023-06-16 10:13:36.23',1,1),('2023-06-16 10:13:37.01',1,0),('2023-06-16 10:13:38.51',1,1),('2023-06-16 10:13:38.90',1,0),('2023-06-16 10:13:39.78',1,0),('2023-06-16 10:13:50.81',1,1),('2023-06-16 10:13:51.42',1,0),('2023-06-16 10:13:52.03',1,1),('2023-06-16 10:13:52.63',1,0),('2023-06-16 10:13:53.24',1,0),('2023-06-16 10:13:55.80',1,1),('2023-06-16 10:13:56.41',1,1),('2023-06-16 10:13:57.08',1,0),('2023-06-16 10:13:58.09',1,1),('2023-06-16 10:13:58.70',1,0),('2023-06-16 10:13:59.31',1,1),('2023-06-16 10:13:59.92',1,0),('2023-06-16 10:14:00.52',2,4080),('2023-06-16 10:14:06.54',1,1),('2023-06-16 10:14:08.04',1,0),('2023-06-16 10:14:08.76',1,1),('2023-06-16 10:14:09.54',1,0),('2023-06-16 10:14:10.27',1,1),('2023-06-16 10:14:11.05',1,0),('2023-06-16 10:14:11.80',1,1),('2023-06-16 10:14:12.69',1,0),('2023-06-16 10:14:13.77',1,1),('2023-06-16 10:14:14.19',1,0),('2023-06-16 10:14:14.92',1,1),('2023-06-16 10:14:15.70',1,0),('2023-06-16 10:14:17.34',1,1),('2023-06-16 10:14:17.97',1,0),('2023-06-16 10:14:19.16',1,1),('2023-06-16 10:14:19.89',1,0),('2023-06-16 10:14:20.48',1,1),('2023-06-16 10:14:21.10',1,0),('2023-06-16 10:14:22.42',1,1),('2023-06-16 10:14:23.02',1,0),('2023-06-16 10:14:23.64',1,1),('2023-06-16 10:14:24.68',1,0),('2023-06-16 10:14:25.25',1,1),('2023-06-16 10:14:25.83',1,0),('2023-06-16 10:14:26.47',1,1),('2023-06-16 10:14:35.60',1,0),('2023-06-16 10:14:37.37',1,1),('2023-06-16 10:15:01.05',1,1),('2023-06-16 10:15:02.86',1,0),('2023-06-16 10:15:03.49',1,1),('2023-06-16 10:15:05.28',2,4080),('2023-06-16 10:15:51.86',2,4080),('2023-06-16 10:16:05.86',2,4080),('2023-06-16 10:16:24.36',2,4080),('2023-06-16 10:16:41.47',2,4080),('2023-06-16 10:16:46.74',1,0),('2023-06-16 10:16:47.11',1,1),('2023-06-16 10:21:12.70',6,35785619350),('2023-06-16 10:25:00.04',2,4080),('2023-06-16 10:40:58.86',3,1),('2023-06-16 10:40:58.87',2,4080),('2023-06-16 10:52:56.01',4,4526),('2023-06-16 10:52:56.07',4,-1),('2023-06-16 10:58:04.20',4,4562),('2023-06-16 10:58:04.23',4,-1),('2023-06-16 10:58:04.59',1,1),('2023-06-16 10:58:10.68',4,4526),('2023-06-16 10:58:10.70',4,-1),('2023-06-16 11:00:34.27',4,4552),('2023-06-16 11:00:34.29',4,-1),('2023-06-16 11:00:37.25',4,6),('2023-06-16 11:00:37.28',4,-1),('2023-06-16 11:00:40.56',4,4526),('2023-06-16 11:00:40.59',4,-1),('2023-06-16 12:31:39.69',1,0),('2023-06-16 12:31:59.48',1,1),('2023-06-16 12:32:19.02',1,0),('2023-06-16 12:32:41.27',1,1),('2023-06-16 12:32:49.47',1,0),('2023-06-16 12:33:03.83',1,1),('2023-06-16 12:33:11.92',1,0),('2023-06-16 12:33:12.58',1,1),('2023-06-16 12:33:23.61',1,0),('2023-06-16 12:33:25.14',1,1),('2023-06-16 12:48:07.10',4,4564),('2023-06-16 12:48:07.12',4,-1),('2023-06-16 12:48:13.92',4,4565),('2023-06-16 12:48:13.94',4,-1),('2023-06-16 12:48:23.17',4,4564),('2023-06-16 12:48:23.18',4,-1),('2023-06-16 12:48:34.76',4,4565),('2023-06-16 12:48:34.77',4,-1),('2023-06-16 12:48:40.85',4,4561),('2023-06-16 12:48:40.86',4,-1),('2023-06-16 12:48:41.22',2,4080),('2023-06-16 12:49:00.51',4,45),('2023-06-16 12:49:00.53',4,-1),('2023-06-16 12:49:09.61',4,4452),('2023-06-16 12:49:09.62',4,-1),('2023-06-16 12:49:20.03',4,4514),('2023-06-16 12:49:20.05',4,-1),('2023-06-16 12:49:24.17',4,5222),('2023-06-16 12:49:24.19',4,-1),('2023-06-16 12:49:26.58',4,2),('2023-06-16 12:49:26.60',4,-1),('2023-06-16 12:53:40.27',4,4554),('2023-06-16 12:53:40.28',4,-1),('2023-06-16 12:54:05.92',1,1),('2023-06-16 12:54:07.24',1,0),('2023-06-16 12:54:08.61',1,1),('2023-06-16 12:54:09.12',1,0),('2023-06-16 12:54:09.74',1,1),('2023-06-16 12:54:10.16',1,0),('2023-06-16 12:54:10.80',1,1),('2023-06-16 12:54:11.38',1,0),('2023-06-16 12:54:12.06',1,1),('2023-06-16 12:54:12.78',1,0),('2023-06-16 12:54:13.50',1,1),('2023-06-16 12:54:14.20',1,0),('2023-06-16 12:54:14.89',1,1),('2023-06-16 12:54:15.56',1,0),('2023-06-16 12:54:17.84',1,1),('2023-06-16 12:54:18.29',1,0),('2023-06-16 12:54:18.87',1,1),('2023-06-16 12:54:19.23',1,0),('2023-06-16 12:54:19.64',1,1),('2023-06-16 12:54:20.06',1,0),('2023-06-16 12:54:20.43',1,1),('2023-06-16 12:54:21.23',1,1),('2023-06-16 12:54:21.68',1,0),('2023-06-16 12:54:22.18',1,1),('2023-06-16 12:54:23.22',2,4080),('2023-06-16 12:54:29.79',2,4080),('2023-06-16 12:56:05.14',1,0),('2023-06-16 12:56:06.77',1,1),('2023-06-16 12:56:07.28',1,0),('2023-06-16 12:56:07.93',1,1),('2023-06-16 12:56:08.42',1,0),('2023-06-16 12:56:09.13',1,1),('2023-06-16 12:56:09.67',1,0),('2023-06-16 12:56:10.30',1,1),('2023-06-16 12:56:11.78',1,1),('2023-06-16 12:57:09.39',1,1),('2023-06-16 12:57:09.44',1,0),('2023-06-16 12:57:11.21',1,0),('2023-06-16 12:57:12.43',1,1),('2023-06-16 12:57:13.20',1,0),('2023-06-16 12:57:13.72',1,1),('2023-06-16 12:57:14.32',1,0),('2023-06-16 12:57:14.85',1,1),('2023-06-16 12:57:15.51',1,0),('2023-06-16 12:57:16.06',1,1),('2023-06-16 12:57:16.67',1,0),('2023-06-16 12:57:17.28',1,0),('2023-06-16 12:57:18.06',1,0),('2023-06-16 12:57:22.15',1,1),('2023-06-16 12:57:22.95',1,0),('2023-06-16 12:57:23.40',1,1),('2023-06-16 12:57:23.95',1,1),('2023-06-16 12:57:25.29',1,1),('2023-06-16 12:57:26.41',1,0),('2023-06-16 12:57:26.97',1,1),('2023-06-16 12:57:28.19',1,1),('2023-06-16 12:57:29.40',1,0),('2023-06-16 12:57:29.59',1,1),('2023-06-16 12:57:31.43',1,0),('2023-06-16 12:57:31.82',1,1),('2023-06-16 12:57:32.64',1,0),('2023-06-16 12:57:33.03',1,1),('2023-06-16 12:57:33.89',1,0),('2023-06-16 12:57:34.26',1,1),('2023-06-16 12:57:34.97',1,0),('2023-06-16 12:57:35.55',1,1),('2023-06-16 12:57:36.24',1,0),('2023-06-16 12:57:36.73',1,1),('2023-06-16 12:57:37.29',1,0),('2023-06-16 12:57:37.88',1,1),('2023-06-16 12:57:38.56',1,0),('2023-06-16 12:57:39.10',1,1),('2023-06-16 12:57:39.86',1,0),('2023-06-16 12:57:40.32',1,1),('2023-06-16 12:57:41.13',1,0),('2023-06-16 12:57:41.52',1,1),('2023-06-16 12:57:42.21',1,0),('2023-06-16 12:57:42.73',1,1),('2023-06-16 12:57:43.50',1,0),('2023-06-16 12:57:43.94',1,1),('2023-06-16 12:57:44.78',1,0),('2023-06-16 12:57:45.16',1,1),('2023-06-16 12:57:46.37',1,1),('2023-06-16 12:57:47.58',1,0),('2023-06-16 12:57:48.35',1,1),('2023-06-16 12:57:49.40',1,0),('2023-06-16 12:57:50.04',1,1),('2023-06-16 12:57:51.35',1,0),('2023-06-16 12:57:51.90',1,1),('2023-06-16 12:57:51.95',1,0),('2023-06-16 12:57:53.04',1,1),('2023-06-16 12:58:09.41',1,0),('2023-06-16 12:58:09.65',1,0),('2023-06-16 12:58:11.26',1,1),('2023-06-16 12:58:11.83',1,0),('2023-06-16 12:58:12.58',1,1),('2023-06-16 12:58:13.17',1,0),('2023-06-16 12:58:13.72',1,1),('2023-06-16 12:58:14.25',1,0),('2023-06-16 12:58:14.86',1,1),('2023-06-16 12:58:21.62',1,0),('2023-06-16 12:58:23.41',1,1),('2023-06-16 12:58:23.96',1,0),('2023-06-16 12:58:40.54',4,4562),('2023-06-16 12:58:40.56',1,1),('2023-06-16 12:58:40.56',4,-1),('2023-06-16 12:58:43.18',4,4563),('2023-06-16 12:58:43.19',1,0),('2023-06-16 12:58:43.19',4,-1),('2023-06-16 12:58:46.64',4,4561),('2023-06-16 12:58:46.65',4,-1),('2023-06-16 12:58:46.66',2,4080),('2023-06-16 12:58:53.63',4,4564),('2023-06-16 12:58:53.64',4,-1),('2023-06-16 12:58:57.10',4,4565),('2023-06-16 12:58:57.12',4,-1),('2023-06-16 12:59:04.72',4,4562),('2023-06-16 12:59:04.73',4,-1),('2023-06-16 12:59:04.74',1,1),('2023-06-16 12:59:07.37',4,4563),('2023-06-16 12:59:07.39',1,0),('2023-06-16 12:59:07.39',4,-1),('2023-06-16 12:59:09.92',4,4561),('2023-06-16 12:59:09.93',4,-1),('2023-06-16 12:59:09.94',2,4080),('2023-06-16 12:59:49.85',1,1),('2023-06-16 12:59:50.98',1,0),('2023-06-16 12:59:51.51',1,1),('2023-06-16 12:59:52.42',1,0),('2023-06-16 12:59:53.25',1,1),('2023-06-16 13:00:15.33',2,4080),('2023-06-16 13:00:24.05',1,1),('2023-06-16 13:01:01.24',2,4080),('2023-06-16 13:01:10.34',1,0),('2023-06-16 13:01:13.89',1,1),('2023-06-16 13:01:15.79',2,4080),('2023-06-16 13:02:43.35',1,1),('2023-06-16 13:02:44.55',1,0),('2023-06-16 13:02:45.88',1,1),('2023-06-16 13:02:46.74',1,0),('2023-06-16 13:02:47.52',1,1),('2023-06-16 13:02:49.84',1,1),('2023-06-16 13:02:50.77',1,0),('2023-06-16 13:02:51.41',1,1),('2023-06-16 13:02:52.16',1,0),('2023-06-16 13:02:52.81',1,1),('2023-06-16 13:02:53.18',1,1),('2023-06-16 13:02:53.54',1,1),('2023-06-16 13:02:54.02',1,1),('2023-06-16 13:02:54.42',1,1),('2023-06-16 13:02:55.28',1,1),('2023-06-16 13:02:55.75',1,0),('2023-06-16 13:02:56.34',1,1),('2023-06-16 13:02:56.77',1,0),('2023-06-16 13:02:57.19',1,1),('2023-06-16 13:02:57.55',1,0),('2023-06-16 13:02:58.03',1,1),('2023-06-16 13:02:58.39',1,0),('2023-06-16 13:02:58.77',1,1),('2023-06-16 13:02:59.14',1,0),('2023-06-16 13:02:59.57',1,1),('2023-06-16 13:02:59.97',1,0),('2023-06-16 13:03:00.36',1,1),('2023-06-16 13:03:00.75',1,0),('2023-06-16 13:03:01.22',1,0),('2023-06-16 13:03:01.58',1,1),('2023-06-16 13:03:02.55',1,0),('2023-06-16 13:03:03.10',1,1),('2023-06-16 13:03:03.49',1,0),('2023-06-16 13:03:03.97',1,1),('2023-06-16 13:03:04.37',1,0),('2023-06-16 13:03:04.79',1,1),('2023-06-16 13:03:05.21',1,0),('2023-06-16 13:03:05.60',1,1),('2023-06-16 13:03:05.98',1,0),('2023-06-16 13:03:06.37',1,1),('2023-06-16 13:03:06.83',1,0),('2023-06-16 13:03:07.20',2,4080),('2023-06-16 13:03:11.31',1,0),('2023-06-16 13:03:12.08',1,1),('2023-06-16 13:03:16.77',2,4080),('2023-06-16 13:03:20.88',1,1),('2023-06-16 13:03:24.97',1,1),('2023-06-16 13:03:27.08',1,0),('2023-06-16 13:03:29.92',1,1),('2023-06-16 13:03:30.69',1,0),('2023-06-16 13:03:31.45',1,1),('2023-06-16 13:03:32.08',1,0),('2023-06-16 13:03:59.14',2,4080),('2023-06-16 13:04:23.91',2,4080),('2023-06-16 13:04:49.82',2,4080),('2023-06-16 13:05:00.36',2,4080),('2023-06-16 13:05:04.52',2,4080),('2023-06-16 13:05:08.99',2,4080),('2023-06-16 13:05:15.77',2,4080),('2023-06-16 13:08:16.75',2,4080),('2023-06-16 13:08:35.78',2,4080),('2023-06-16 13:08:40.19',1,1),('2023-06-16 13:08:41.09',1,0),('2023-06-16 13:08:41.94',1,1),('2023-06-16 13:08:42.81',1,0),('2023-06-16 13:08:43.63',1,1),('2023-06-16 13:08:44.44',1,0),('2023-06-16 13:10:27.97',1,1),('2023-06-16 13:10:29.24',1,0),('2023-06-16 13:10:30.40',1,1),('2023-06-16 13:10:37.65',1,0),('2023-06-16 13:10:38.62',1,1),('2023-06-16 13:10:40.16',1,0),('2023-06-16 13:10:40.96',1,1),('2023-06-16 13:10:41.78',1,0),('2023-06-16 13:10:42.51',1,1),('2023-06-16 13:10:47.87',1,0),('2023-06-16 13:10:49.78',1,1),('2023-06-16 13:10:51.49',1,0),('2023-06-16 13:10:52.28',1,1),('2023-06-16 13:10:52.99',1,0),('2023-06-16 13:10:54.63',1,1),('2023-06-16 13:10:55.36',1,0),('2023-06-16 13:39:24.95',1,0),('2023-06-16 13:39:26.77',1,0),('2023-06-16 13:39:27.43',1,0),('2023-06-16 13:39:27.98',1,1),('2023-06-16 13:39:29.20',1,0),('2023-06-16 13:41:32.19',1,0),('2023-06-16 13:41:32.80',1,1),('2023-06-16 13:41:36.00',1,1),('2023-06-16 13:41:37.64',1,0),('2023-06-16 13:43:49.88',1,1),('2023-06-16 13:43:52.16',1,0),('2023-06-16 13:43:53.65',1,1),('2023-06-16 13:43:54.59',1,0),('2023-06-16 13:43:55.31',1,1),('2023-06-16 13:43:55.80',1,0),('2023-06-16 13:43:56.40',1,1),('2023-06-16 13:43:57.01',1,0),('2023-06-16 13:43:57.10',1,1),('2023-06-16 13:43:59.56',1,0),('2023-06-16 13:44:00.04',1,1),('2023-06-16 13:44:00.38',1,0),('2023-06-16 13:44:00.78',1,1),('2023-06-16 13:44:01.25',1,0),('2023-06-16 13:44:01.46',1,1),('2023-06-16 13:44:09.12',2,4080),('2023-06-16 13:44:14.24',1,0),('2023-06-16 13:57:30.69',1,1),('2023-06-16 13:57:31.33',1,0),('2023-06-16 13:57:31.90',1,1),('2023-06-16 13:57:32.56',1,0),('2023-06-16 13:57:33.14',1,1),('2023-06-16 13:57:33.72',1,0),('2023-06-16 13:57:34.32',1,1),('2023-06-16 13:57:34.96',2,4080),('2023-06-16 13:57:39.50',2,4080),('2023-06-16 13:58:17.79',1,0),('2023-06-16 13:58:19.02',1,0),('2023-06-16 13:58:19.57',1,1),('2023-06-16 13:58:20.18',1,0),('2023-06-16 13:58:20.78',1,1),('2023-06-16 13:58:21.39',1,0),('2023-06-16 13:58:22.00',1,1),('2023-06-16 13:58:22.60',2,4080),('2023-06-16 13:58:28.15',2,4080),('2023-06-16 13:58:44.01',1,0),('2023-06-16 13:58:53.50',1,1),('2023-06-16 13:58:53.93',1,0),('2023-06-16 13:58:54.48',1,1),('2023-06-16 13:58:54.67',1,0),('2023-06-16 13:58:55.08',1,1),('2023-06-16 13:58:55.32',1,0),('2023-06-16 13:58:55.69',1,1),('2023-06-16 13:58:55.87',1,0),('2023-06-16 13:58:56.29',1,1),('2023-06-16 13:58:56.34',1,0),('2023-06-16 13:58:56.92',1,0),('2023-06-16 13:58:57.00',1,1),('2023-06-16 13:58:57.50',1,1),('2023-06-16 13:58:58.72',1,0),('2023-06-16 13:58:58.96',1,1),('2023-06-16 13:58:59.93',1,0),('2023-06-16 13:59:00.00',1,1),('2023-06-16 13:59:00.57',1,0),('2023-06-16 13:59:00.74',1,1),('2023-06-16 13:59:01.80',1,1),('2023-06-16 13:59:03.10',1,0),('2023-06-16 13:59:03.67',1,1),('2023-06-16 13:59:04.17',1,0),('2023-06-16 13:59:04.77',1,1),('2023-06-16 13:59:05.38',1,0),('2023-06-16 13:59:05.99',1,1),('2023-06-16 14:01:58.85',2,4080),('2023-06-16 14:02:17.57',1,0),('2023-06-16 14:02:41.04',2,4080),('2023-06-16 14:03:00.52',2,4080),('2023-06-16 14:03:04.92',1,1),('2023-06-16 14:03:10.53',2,4080),('2023-06-16 14:03:26.60',1,1),('2023-06-16 14:03:32.71',1,0),('2023-06-16 14:14:41.18',2,4080),('2023-06-16 14:19:04.25',2,4080),('2023-06-16 14:19:16.64',2,4080),('2023-06-16 14:19:49.35',2,4080),('2023-06-16 14:19:59.45',2,4080),('2023-06-16 14:27:59.46',4,6962),('2023-06-16 14:27:59.48',4,-1),('2023-06-16 14:28:07.31',4,4561),('2023-06-16 14:28:07.33',4,-1),('2023-06-16 14:28:07.70',2,4080),('2023-06-16 14:40:47.75',1,0),('2023-06-16 14:40:50.82',1,1),('2023-06-16 14:40:51.98',1,0),('2023-06-16 14:40:53.39',1,1),('2023-06-16 14:41:17.65',1,1),('2023-06-16 14:41:18.43',1,0),('2023-06-16 14:42:06.86',1,0),('2023-06-16 14:42:09.40',1,1),('2023-06-16 14:42:14.58',1,0),('2023-06-16 14:42:16.26',1,1),('2023-06-16 14:46:20.91',4,4526),('2023-06-16 14:46:20.93',4,-1),('2023-06-16 15:04:18.91',1,1),('2023-06-16 15:04:20.38',1,0),('2023-06-16 15:04:23.50',1,1),('2023-06-16 15:04:25.35',1,0),('2023-06-16 15:04:29.27',1,0),('2023-06-16 15:04:29.96',1,1),('2023-06-16 15:04:30.68',1,0),('2023-06-16 15:04:31.41',1,1),('2023-06-16 15:04:32.19',1,0),('2023-06-16 15:04:35.38',1,1),('2023-06-16 15:04:36.02',1,0),('2023-06-16 15:04:43.98',2,4080),('2023-06-16 15:04:50.37',1,1),('2023-06-16 15:04:51.15',1,0),('2023-06-16 15:06:47.47',1,0),('2023-06-16 15:06:49.39',1,1),('2023-06-16 15:14:18.33',1,1),('2023-06-16 15:14:19.61',1,0),('2023-06-16 15:26:50.13',1,1),('2023-06-16 15:27:20.43',1,0),('2023-06-16 15:27:21.70',1,1),('2023-06-16 15:27:22.68',1,0),('2023-06-16 15:53:05.23',4,4562),('2023-06-16 15:53:05.25',4,-1),('2023-06-16 15:53:05.61',1,1),('2023-06-16 15:53:07.96',4,4563),('2023-06-16 15:53:07.98',4,-1),('2023-06-16 15:53:08.34',1,0),('2023-06-16 15:58:41.58',1,0),('2023-06-16 15:58:43.99',1,1),('2023-06-16 16:07:59.89',1,1),('2023-06-16 16:08:01.63',1,0),('2023-06-16 16:08:03.11',1,1),('2023-06-16 16:32:52.30',1,0),('2023-06-16 16:32:52.90',1,1),('2023-06-16 17:01:36.02',4,4526),('2023-06-16 17:01:36.05',4,-1),('2023-06-17 14:00:57.89',4,7295),('2023-06-17 14:00:57.90',4,-1),('2023-06-17 14:01:04.88',4,7295),('2023-06-17 14:01:04.89',4,-1),('2023-06-17 14:01:13.22',4,4561),('2023-06-17 14:01:13.24',4,-1),('2023-06-17 14:01:13.60',2,4080),('2023-06-17 14:01:26.83',4,7995),('2023-06-17 14:01:26.84',4,-1),('2023-06-17 14:51:00.40',4,4556),('2023-06-17 14:51:00.42',4,-1),('2023-06-17 14:51:12.47',4,4524),('2023-06-17 14:51:12.48',4,-1),('2023-06-17 14:51:53.83',4,5634),('2023-06-17 14:51:53.84',4,-1),('2023-06-17 14:52:15.90',1,1),('2023-06-17 14:52:18.31',1,0),('2023-06-17 14:52:20.06',1,1),('2023-06-17 14:52:21.39',1,0),('2023-06-17 14:52:22.07',1,1),('2023-06-17 15:39:40.61',4,4563),('2023-06-17 15:39:40.62',4,-1),('2023-06-17 15:39:40.99',1,0),('2023-06-17 15:39:44.63',4,4562),('2023-06-17 15:39:44.65',4,-1),('2023-06-17 15:39:45.01',1,1),('2023-06-17 15:40:22.63',1,1),('2023-06-17 15:40:24.40',1,0),('2023-06-17 15:40:25.59',2,4080),('2023-06-17 15:40:31.97',2,4080),('2023-06-17 15:40:36.62',2,4080),('2023-06-17 15:40:41.09',2,4080),('2023-06-17 15:40:48.02',2,4080),('2023-06-17 15:40:52.50',2,4080),('2023-06-17 15:57:58.52',4,7601),('2023-06-17 15:57:58.53',4,-1),('2023-06-18 14:20:11.95',2,4080),('2023-06-18 14:20:16.93',1,1),('2023-06-18 14:20:19.23',1,0),('2023-06-18 14:20:23.14',1,1),('2023-06-18 14:20:44.79',1,0),('2023-06-18 14:20:46.64',1,1),('2023-06-18 14:32:58.68',2,4080),('2023-06-18 14:33:07.10',2,4080),('2023-06-18 15:02:18.14',2,4080),('2023-06-18 15:42:50.88',1,0),('2023-06-18 15:43:11.88',1,1),('2023-06-18 15:43:14.25',1,0),('2023-06-18 15:43:15.98',1,1),('2023-06-18 15:43:28.20',2,4080),('2023-06-18 15:44:31.29',3,1),('2023-06-18 15:44:31.30',2,4080),('2023-06-18 16:45:21.38',4,4561),('2023-06-18 16:45:21.41',2,4080),('2023-06-18 16:45:21.41',4,-1),('2023-06-18 16:45:33.18',4,4562),('2023-06-18 16:45:33.20',4,-1),('2023-06-18 16:45:33.92',1,1),('2023-06-18 16:50:01.86',4,4562),('2023-06-18 16:50:01.87',4,-1),('2023-06-18 16:50:01.88',1,1),('2023-06-18 16:50:08.75',4,4562),('2023-06-18 16:50:08.76',4,-1),('2023-06-18 16:50:08.77',1,1),('2023-06-18 16:50:13.07',4,4563),('2023-06-18 16:50:13.09',1,0),('2023-06-18 16:50:13.09',4,-1),('2023-06-18 16:50:19.57',4,4563),('2023-06-18 16:50:19.58',4,-1),('2023-06-18 16:50:19.94',1,0),('2023-06-18 16:50:21.98',4,4562),('2023-06-18 16:50:21.99',4,-1),('2023-06-18 16:50:22.36',1,1),('2023-06-18 16:50:25.87',4,4561),('2023-06-18 16:50:25.89',4,-1),('2023-06-18 16:50:26.25',2,4080),('2023-06-18 18:30:07.44',1,0),('2023-06-18 18:30:09.13',1,1),('2023-06-18 19:00:32.07',1,0),('2023-06-18 19:00:33.44',1,1),('2023-06-18 19:33:58.38',4,7601),('2023-06-18 19:33:58.40',4,-1),('2023-08-21 11:11:02.00',2,0),('2023-08-31 23:19:44.00',4,0),('2023-09-12 15:55:55.00',5,1),('2023-09-28 13:12:36.00',2,0),('2023-10-10 00:20:29.00',2,0),('2023-10-11 02:20:10.00',3,0),('2023-10-18 18:36:01.00',3,1),('2023-10-23 23:29:36.00',2,1),('2023-11-21 14:14:07.00',4,1),('2023-12-19 04:17:55.00',2,0),('2023-12-19 12:49:05.00',1,0),('2023-12-26 23:21:12.00',2,1),('2024-02-02 07:24:11.00',4,0),('2024-02-24 22:54:59.00',2,0),('2024-03-19 15:24:23.00',4,0),('2024-03-20 10:47:50.00',1,1),('2024-03-22 18:02:33.00',3,1),('2024-04-03 18:20:52.00',3,1),('2024-04-17 22:34:13.00',4,1),('2024-05-08 18:41:36.00',3,0),('2024-05-10 18:28:00.00',2,0);
/*!40000 ALTER TABLE `ComponentValue` ENABLE KEYS */;
UNLOCK TABLES;

--
-- Table structure for table `DoctorInfo`
--

DROP TABLE IF EXISTS `DoctorInfo`;
/*!40101 SET @saved_cs_client     = @@character_set_client */;
/*!40101 SET character_set_client = utf8 */;
CREATE TABLE `DoctorInfo` (
  `Id` int(11) NOT NULL,
  `Name` varchar(45) DEFAULT NULL,
  `LastName` varchar(45) DEFAULT NULL,
  `PhoneNumber` varchar(15) DEFAULT NULL,
  `Notes` varchar(345) DEFAULT NULL,
  PRIMARY KEY (`Id`)
) ENGINE=InnoDB DEFAULT CHARSET=utf8mb3 COLLATE=utf8mb3_general_ci;
/*!40101 SET character_set_client = @saved_cs_client */;

--
-- Dumping data for table `DoctorInfo`
--

LOCK TABLES `DoctorInfo` WRITE;
/*!40000 ALTER TABLE `DoctorInfo` DISABLE KEYS */;
INSERT INTO `DoctorInfo` VALUES (1,'Maximiliaan','Van Daele','/','/');
/*!40000 ALTER TABLE `DoctorInfo` ENABLE KEYS */;
UNLOCK TABLES;

--
-- Table structure for table `MedicationIntake`
--

DROP TABLE IF EXISTS `MedicationIntake`;
/*!40101 SET @saved_cs_client     = @@character_set_client */;
/*!40101 SET character_set_client = utf8 */;
CREATE TABLE `MedicationIntake` (
  `Time` datetime(2) NOT NULL,
  `Patient` int(11) NOT NULL DEFAULT 1,
  `TypeId` int(11) NOT NULL,
  `Status` varchar(45) DEFAULT 'Scheduled',
  `Delay` int(11) DEFAULT NULL,
  `RelatedDoctorId` int(11) DEFAULT NULL,
  `Dosage` varchar(45) DEFAULT NULL,
  PRIMARY KEY (`Time`),
  KEY `FK_DoctorInfo_idx` (`RelatedDoctorId`),
  KEY `FK_UserInfo_idx` (`Patient`),
  KEY `FK_MedicationType_idx` (`TypeId`),
  CONSTRAINT `FK_DoctorInfo` FOREIGN KEY (`RelatedDoctorId`) REFERENCES `DoctorInfo` (`Id`) ON DELETE NO ACTION ON UPDATE NO ACTION,
  CONSTRAINT `FK_MedicationType` FOREIGN KEY (`TypeId`) REFERENCES `MedicationType` (`Id`) ON DELETE NO ACTION ON UPDATE NO ACTION,
  CONSTRAINT `FK_UserInfo` FOREIGN KEY (`Patient`) REFERENCES `UserInfo` (`Id`) ON DELETE NO ACTION ON UPDATE NO ACTION
) ENGINE=InnoDB DEFAULT CHARSET=utf8mb3 COLLATE=utf8mb3_general_ci;
/*!40101 SET character_set_client = @saved_cs_client */;

--
-- Dumping data for table `MedicationIntake`
--

LOCK TABLES `MedicationIntake` WRITE;
/*!40000 ALTER TABLE `MedicationIntake` DISABLE KEYS */;
INSERT INTO `MedicationIntake` VALUES ('2022-05-25 00:59:40.00',1,2,'Taken',22,1,NULL),('2022-05-27 17:36:11.00',1,4,'Taken',16,1,NULL),('2022-06-13 21:36:02.00',1,1,'Taken',21,1,NULL),('2022-06-15 23:22:17.00',1,2,'Taken',1,1,NULL),('2022-06-16 05:27:54.00',1,2,'Taken',9,1,NULL),('2022-07-14 11:50:18.00',1,1,'Taken',17,1,NULL),('2022-08-13 18:13:04.00',1,1,'Taken',18,1,NULL),('2022-09-16 23:02:05.00',1,3,'Taken',22,1,NULL),('2022-10-18 22:47:15.00',1,2,'Taken',23,1,NULL),('2022-10-22 09:19:15.00',1,3,'Taken',21,1,NULL),('2022-10-22 15:03:05.00',1,2,'Taken',10,1,NULL),('2022-10-26 16:23:59.00',1,4,'Taken',26,1,NULL),('2022-10-30 21:18:03.00',1,3,'Taken',4,1,NULL),('2022-11-03 19:16:38.00',1,3,'Taken',11,1,NULL),('2022-11-14 04:02:40.00',1,2,'Taken',17,1,NULL),('2022-11-15 21:47:48.00',1,3,'Taken',21,1,NULL),('2022-12-02 20:11:41.00',1,2,'Taken',12,1,NULL),('2022-12-09 13:24:11.00',1,5,'Taken',21,1,NULL),('2022-12-11 18:19:19.00',1,2,'Taken',27,1,NULL),('2022-12-16 15:24:12.00',1,4,'Taken',15,1,NULL),('2023-01-01 01:32:19.00',2,1,'Taken',0,1,'14g'),('2023-02-25 00:21:09.00',1,2,'Taken',26,1,NULL),('2023-03-13 23:46:02.00',1,4,'Taken',7,1,NULL),('2023-03-20 09:05:25.00',1,5,'Taken',17,1,NULL),('2023-03-21 04:24:11.00',1,3,'Taken',24,1,NULL),('2023-03-27 12:29:28.00',1,4,'Taken',13,1,NULL),('2023-03-31 03:14:50.00',1,1,'Taken',10,1,NULL),('2023-04-27 00:36:58.00',1,3,'Taken',24,1,NULL),('2023-04-28 08:42:07.00',1,1,'Taken',25,1,NULL),('2023-05-21 21:37:39.00',1,2,'Taken',18,1,NULL),('2023-06-01 13:00:00.00',1,1,'Taken',0,1,'2ee'),('2023-06-01 13:23:00.00',2,1,'Taken',0,1,'40g'),('2023-06-01 13:29:00.00',4,1,'Taken',0,1,'32g'),('2023-06-01 13:41:00.00',4,1,'Taken',0,1,'23g'),('2023-06-01 13:44:00.00',3,1,'Taken',0,1,'200g'),('2023-06-01 13:45:00.00',5,1,'Taken',0,1,'23g'),('2023-06-01 13:56:00.00',6,1,'Taken',0,1,'1L'),('2023-06-01 14:00:00.00',7,1,'Taken',0,1,'300k'),('2023-06-01 14:01:00.00',5,1,'Taken',0,1,'20kg'),('2023-06-01 15:12:00.00',1,1,'Taken',0,1,'40g'),('2023-06-01 15:27:00.00',2,6,'Taken',0,1,'23'),('2023-06-01 15:38:00.00',1,1,'Taken',0,1,'1'),('2023-06-01 16:15:00.00',3,2,'Taken',0,1,'23g'),('2023-06-01 17:44:00.00',2,2,'Taken',0,1,'40g'),('2023-06-01 18:12:00.00',8,5,'Taken',0,1,'400g'),('2023-06-03 07:57:49.00',1,2,'Taken',0,1,NULL),('2023-06-06 09:50:00.00',9,3,'Taken',0,1,'10mg'),('2023-06-06 09:51:00.00',2,7,'Taken',0,1,'5mg'),('2023-06-06 12:44:00.00',2,2,'Taken',0,1,'1g'),('2023-06-06 14:01:00.00',2,3,'Taken',0,1,'2'),('2023-06-06 14:05:00.00',8,4,'Taken',0,1,'2d'),('2023-06-06 14:08:00.00',8,6,'Taken',0,1,'2'),('2023-06-06 14:12:00.00',8,6,'Taken',0,1,'ee'),('2023-06-06 14:15:00.00',8,7,'Taken',0,1,'e'),('2023-06-06 14:16:00.00',7,6,'Taken',0,1,'2'),('2023-06-06 14:17:00.00',8,6,'Taken',0,1,'2'),('2023-06-06 14:18:00.00',8,6,'Taken',0,1,'2'),('2023-06-06 14:19:00.00',8,6,'Taken',0,1,'2'),('2023-06-06 14:58:00.00',4,4,'Taken',0,1,'-'),('2023-06-06 15:01:00.00',5,6,'Taken',0,1,'1'),('2023-06-06 15:02:00.00',8,6,'Taken',0,1,'2'),('2023-06-07 08:19:00.00',4,4,'Taken',0,1,'1L'),('2023-06-07 13:24:00.00',4,6,'Taken',0,1,'1'),('2023-06-07 13:25:00.00',4,6,'Taken',0,1,'1'),('2023-06-07 13:45:00.00',1,6,'Taken',0,1,'2'),('2023-06-07 13:46:00.00',1,6,'Taken',0,1,'2'),('2023-06-07 13:56:00.00',8,6,'Taken',0,1,'2'),('2023-06-07 13:59:00.00',8,6,'Taken',0,1,'2'),('2023-06-13 07:32:00.00',1,5,'Taken',0,1,'1g'),('2023-06-13 07:34:00.00',1,5,'Taken',0,1,'1mg'),('2023-06-13 07:35:00.00',1,1,'Taken',0,1,'1g'),('2023-06-13 07:39:00.00',1,3,'Taken',0,1,'2'),('2023-06-13 07:55:00.00',1,4,'Taken',0,1,'2'),('2023-06-13 09:04:00.00',2,1,'Taken',0,1,'2mg'),('2023-06-13 11:38:00.00',2,4,'Taken',0,1,'2mg'),('2023-06-14 12:43:00.00',2,1,'Taken',0,1,'2g'),('2023-06-14 14:51:00.00',1,1,'Taken',0,1,'2g'),('2023-06-15 14:00:00.00',2,1,'Taken',0,1,'1mg'),('2023-06-16 10:36:00.00',1,1,'Taken',4,1,'20mg'),('2023-06-16 15:10:00.00',2,1,'Taken',2830,1,'40g'),('2023-06-16 15:37:53.00',1,2,'Taken',2815,1,NULL),('2023-06-18 14:29:00.00',17,4,'Taken',4,1,'1'),('2023-06-18 14:35:00.00',1,1,'Taken',69,1,'1'),('2023-06-18 14:59:00.00',18,4,'Taken',3,1,'1 pill'),('2023-06-21 22:58:35.00',1,5,'Scheduled',0,1,NULL),('2023-07-01 23:56:11.00',1,4,'Scheduled',0,1,NULL),('2023-07-08 08:03:34.00',1,2,'Scheduled',0,1,NULL),('2023-07-22 22:07:03.00',1,1,'Scheduled',0,1,NULL),('2023-07-26 18:49:45.00',1,4,'Scheduled',0,1,NULL),('2023-10-30 20:28:52.00',1,5,'Scheduled',0,1,NULL),('2023-11-25 06:59:03.00',1,5,'Scheduled',0,1,NULL),('2023-12-13 02:19:48.00',1,2,'Scheduled',0,1,NULL),('2023-12-13 03:42:16.00',1,2,'Scheduled',0,1,NULL),('2023-12-14 14:08:00.00',1,4,'Scheduled',0,1,NULL),('2024-01-22 17:32:51.00',1,2,'Scheduled',0,1,NULL),('2024-02-29 21:06:37.00',1,3,'Scheduled',0,1,NULL),('2024-03-06 02:09:21.00',1,5,'Scheduled',0,1,NULL),('2024-03-18 17:02:18.00',1,5,'Scheduled',0,1,NULL),('2024-03-27 03:53:54.00',1,3,'Scheduled',0,1,NULL),('2024-04-18 18:53:11.00',1,3,'Scheduled',0,1,NULL),('2024-05-02 20:22:39.00',1,2,'Scheduled',0,1,NULL),('2024-05-03 12:09:36.00',1,2,'Scheduled',0,1,NULL),('2024-05-11 01:32:19.00',1,2,'Scheduled',0,1,NULL);
/*!40000 ALTER TABLE `MedicationIntake` ENABLE KEYS */;
UNLOCK TABLES;

--
-- Table structure for table `MedicationType`
--

DROP TABLE IF EXISTS `MedicationType`;
/*!40101 SET @saved_cs_client     = @@character_set_client */;
/*!40101 SET character_set_client = utf8 */;
CREATE TABLE `MedicationType` (
  `Id` int(11) NOT NULL AUTO_INCREMENT,
  `Name` varchar(145) NOT NULL,
  `Description` varchar(345) DEFAULT NULL,
  PRIMARY KEY (`Id`)
) ENGINE=InnoDB AUTO_INCREMENT=11 DEFAULT CHARSET=utf8mb3 COLLATE=utf8mb3_general_ci;
/*!40101 SET character_set_client = @saved_cs_client */;

--
-- Dumping data for table `MedicationType`
--

LOCK TABLES `MedicationType` WRITE;
/*!40000 ALTER TABLE `MedicationType` DISABLE KEYS */;
INSERT INTO `MedicationType` VALUES (1,'Acetaminophen','semper tellus id nunc interdum feugiat. Sed nec metus'),(2,'Azithromycin','justo faucibus lectus, a sollicitudin orci sem'),(3,'Amitriptyline','est ac mattis semper, dui lectus rutrum urna,'),(4,'lisinopril','Proin ultrices. Duis volutpat nunc sit amet'),(5,'levothyroxine','faucibus orci luctus'),(6,'Amlodipine','et,'),(7,'Azithromycin','ornare,');
/*!40000 ALTER TABLE `MedicationType` ENABLE KEYS */;
UNLOCK TABLES;

--
-- Table structure for table `SettingsProfile`
--

DROP TABLE IF EXISTS `SettingsProfile`;
/*!40101 SET @saved_cs_client     = @@character_set_client */;
/*!40101 SET character_set_client = utf8 */;
CREATE TABLE `SettingsProfile` (
  `Name` varchar(45) NOT NULL,
  `Settings` int(11) DEFAULT NULL,
  `Password` varchar(4) DEFAULT NULL,
  PRIMARY KEY (`Name`)
) ENGINE=InnoDB DEFAULT CHARSET=utf8mb3 COLLATE=utf8mb3_general_ci;
/*!40101 SET character_set_client = @saved_cs_client */;

--
-- Dumping data for table `SettingsProfile`
--

LOCK TABLES `SettingsProfile` WRITE;
/*!40000 ALTER TABLE `SettingsProfile` DISABLE KEYS */;
INSERT INTO `SettingsProfile` VALUES ('Admin',255,'1203'),('User',38,'1111'),('Zorgdienst',127,'1920');
/*!40000 ALTER TABLE `SettingsProfile` ENABLE KEYS */;
UNLOCK TABLES;

--
-- Table structure for table `UserInfo`
--

DROP TABLE IF EXISTS `UserInfo`;
/*!40101 SET @saved_cs_client     = @@character_set_client */;
/*!40101 SET character_set_client = utf8 */;
CREATE TABLE `UserInfo` (
  `Id` int(11) NOT NULL AUTO_INCREMENT,
  `Name` varchar(45) DEFAULT NULL,
  `LastName` varchar(45) DEFAULT NULL,
  `PhoneNumber` varchar(15) DEFAULT NULL,
  `PhoneNumberResponsible` varchar(15) DEFAULT NULL,
  `RFID` varchar(32) DEFAULT NULL,
  PRIMARY KEY (`Id`)
) ENGINE=InnoDB AUTO_INCREMENT=19 DEFAULT CHARSET=utf8mb3 COLLATE=utf8mb3_general_ci;
/*!40101 SET character_set_client = @saved_cs_client */;

--
-- Dumping data for table `UserInfo`
--

LOCK TABLES `UserInfo` WRITE;
/*!40000 ALTER TABLE `UserInfo` DISABLE KEYS */;
INSERT INTO `UserInfo` VALUES (1,'Johan','Tuin','/','/',NULL),(2,'Massimo','De Bock','222','','459113873249'),(3,'Jari','Van der Slaghmolen','0470025510','0478831441','459113873249'),(4,'Senne','/','','','496339390928'),(5,'Ava','Alizadeh','','','807844989362'),(6,'Giquardo','Vandaele','1','1','955228030133'),(7,'driehonderkilo','Bendover','911','00250','259796125958'),(8,'Joran','Fory','','',''),(9,'Test','2','','','815875701903'),(15,'Olivier','Cardoen','','',''),(17,'quardo','alcohol','','',''),(18,'John','Doe','','','');
/*!40000 ALTER TABLE `UserInfo` ENABLE KEYS */;
UNLOCK TABLES;
/*!40103 SET TIME_ZONE=@OLD_TIME_ZONE */;

/*!40101 SET SQL_MODE=@OLD_SQL_MODE */;
/*!40014 SET FOREIGN_KEY_CHECKS=@OLD_FOREIGN_KEY_CHECKS */;
/*!40014 SET UNIQUE_CHECKS=@OLD_UNIQUE_CHECKS */;
/*!40101 SET CHARACTER_SET_CLIENT=@OLD_CHARACTER_SET_CLIENT */;
/*!40101 SET CHARACTER_SET_RESULTS=@OLD_CHARACTER_SET_RESULTS */;
/*!40101 SET COLLATION_CONNECTION=@OLD_COLLATION_CONNECTION */;
/*!40111 SET SQL_NOTES=@OLD_SQL_NOTES */;

-- Dump completed on 2023-06-19 13:21:45
